[
    {
        "user": "U02FCJFBFM5",
        "type": "message",
        "ts": "1721917846.466669",
        "client_msg_id": "EDDBFF86-D807-454D-99E0-B180093B35C9",
        "text": "Pls let me know if there is  any Stephen’s thoughts or quotes for Anoncreds.",
        "team": "TJ5RZJT52",
        "user_team": "TJ5RZJT52",
        "source_team": "TJ5RZJT52",
        "user_profile": {
            "avatar_hash": "15a3057ed765",
            "image_72": "https:\/\/avatars.slack-edge.com\/2021-10-13\/2583339879959_15a3057ed765301bf597_72.png",
            "first_name": "Han",
            "real_name": "Han Thu Thu",
            "display_name": "Katherine",
            "team": "TJ5RZJT52",
            "name": "hanthu.thu18",
            "is_restricted": false,
            "is_ultra_restricted": false
        },
        "thread_ts": "1721666717.899179",
        "parent_user_id": "UHUUD9ERZ",
        "blocks": [
            {
                "type": "rich_text",
                "block_id": "FBphT",
                "elements": [
                    {
                        "type": "rich_text_section",
                        "elements": [
                            {
                                "type": "text",
                                "text": "Pls let me know if "
                            },
                            {
                                "type": "text",
                                "text": "there"
                            },
                            {
                                "type": "text",
                                "text": " is  any Stephen’s thoughts or quotes for Anoncreds"
                            },
                            {
                                "type": "text",
                                "text": "."
                            }
                        ]
                    }
                ]
            }
        ]
    },
    {
        "user": "U02FCJFBFM5",
        "type": "message",
        "ts": "1721917891.881939",
        "client_msg_id": "F117EB86-DB2E-4BB0-B965-23A96FEF22B8",
        "text": "<@UHUUD9ERZ> pls let me know if there’s anything to edit for this content. If it’s ready, I’ll post it soon",
        "team": "TJ5RZJT52",
        "user_team": "TJ5RZJT52",
        "source_team": "TJ5RZJT52",
        "user_profile": {
            "avatar_hash": "15a3057ed765",
            "image_72": "https:\/\/avatars.slack-edge.com\/2021-10-13\/2583339879959_15a3057ed765301bf597_72.png",
            "first_name": "Han",
            "real_name": "Han Thu Thu",
            "display_name": "Katherine",
            "team": "TJ5RZJT52",
            "name": "hanthu.thu18",
            "is_restricted": false,
            "is_ultra_restricted": false
        },
        "thread_ts": "1721666707.678509",
        "parent_user_id": "UHUUD9ERZ",
        "blocks": [
            {
                "type": "rich_text",
                "block_id": "Ugzrs",
                "elements": [
                    {
                        "type": "rich_text_section",
                        "elements": [
                            {
                                "type": "user",
                                "user_id": "UHUUD9ERZ"
                            },
                            {
                                "type": "text",
                                "text": " pls let me know if "
                            },
                            {
                                "type": "text",
                                "text": "there’s"
                            },
                            {
                                "type": "text",
                                "text": " anything to edit for this content"
                            },
                            {
                                "type": "text",
                                "text": "."
                            },
                            {
                                "type": "text",
                                "text": " If "
                            },
                            {
                                "type": "text",
                                "text": "it’s"
                            },
                            {
                                "type": "text",
                                "text": " ready, I’ll post it soon"
                            }
                        ]
                    }
                ]
            }
        ]
    }
]