[
    {
        "user": "UHUUD9ERZ",
        "type": "message",
        "ts": "1721908028.225289",
        "client_msg_id": "12dc4f31-d4eb-4664-876f-18f30b058850",
        "text": "great!  <@U068XMFG6UF> can you add <@U07DR4R0KLK> to your standups in <#C03F08Z3HD2|c-linked-trust> i would love for everyone to start there on our core flagship!",
        "team": "TJ5RZJT52",
        "user_team": "TJ5RZJT52",
        "source_team": "TJ5RZJT52",
        "user_profile": {
            "avatar_hash": "g74a16cb2b98",
            "image_72": "https:\/\/secure.gravatar.com\/avatar\/974a16cb2b98d51626c90922d272447e.jpg?s=72&d=https%3A%2F%2Fa.slack-edge.com%2Fdf10d%2Fimg%2Favatars%2Fava_0015-72.png",
            "first_name": "Golda",
            "real_name": "Golda Velez",
            "display_name": "",
            "team": "TJ5RZJT52",
            "name": "gvelez17",
            "is_restricted": false,
            "is_ultra_restricted": false
        },
        "blocks": [
            {
                "type": "rich_text",
                "block_id": "duJw1",
                "elements": [
                    {
                        "type": "rich_text_section",
                        "elements": [
                            {
                                "type": "text",
                                "text": "great!  "
                            },
                            {
                                "type": "user",
                                "user_id": "U068XMFG6UF"
                            },
                            {
                                "type": "text",
                                "text": " can you add "
                            },
                            {
                                "type": "user",
                                "user_id": "U07DR4R0KLK"
                            },
                            {
                                "type": "text",
                                "text": " to your standups in "
                            },
                            {
                                "type": "channel",
                                "channel_id": "C03F08Z3HD2"
                            },
                            {
                                "type": "text",
                                "text": " i would love for everyone to start there on our core flagship!"
                            }
                        ]
                    }
                ]
            }
        ]
    },
    {
        "user": "U068XMFG6UF",
        "type": "message",
        "ts": "1721908144.376859",
        "client_msg_id": "8445c074-0093-4860-8b3d-0f0688ae4906",
        "text": "Yeah I will for sure",
        "team": "TJ5RZJT52",
        "user_team": "TJ5RZJT52",
        "source_team": "TJ5RZJT52",
        "user_profile": {
            "avatar_hash": "2bc17a2ad291",
            "image_72": "https:\/\/avatars.slack-edge.com\/2024-03-15\/6822016885953_2bc17a2ad291047f59a2_72.jpg",
            "first_name": "Ahlam",
            "real_name": "Ahlam Sayed",
            "display_name": "Molly",
            "team": "TJ5RZJT52",
            "name": "dev.ahlamsayed",
            "is_restricted": false,
            "is_ultra_restricted": false
        },
        "blocks": [
            {
                "type": "rich_text",
                "block_id": "8dJMG",
                "elements": [
                    {
                        "type": "rich_text_section",
                        "elements": [
                            {
                                "type": "text",
                                "text": "Yeah I will for sure"
                            }
                        ]
                    }
                ]
            }
        ]
    },
    {
        "user": "U06CLBBMD40",
        "type": "message",
        "ts": "1721940707.524179",
        "client_msg_id": "2f77ff66-2313-4d6f-af4f-4819acccfab1",
        "text": "Hi <@U025HQ4LZ7C>, <@U01G6KK5VNG> and <@U052YQLT8Q2>,\n\nI hope you are doing well.\n\nPlease provide me with direct links to the Candid or T3 demos? It would be great to have it for display and sharing purposes.\n\nThank you very much.",
        "team": "TJ5RZJT52",
        "user_team": "TJ5RZJT52",
        "source_team": "TJ5RZJT52",
        "user_profile": {
            "avatar_hash": "73596cbecf24",
            "image_72": "https:\/\/avatars.slack-edge.com\/2024-07-12\/7435253434752_73596cbecf24177bbe71_72.jpg",
            "first_name": "Moka",
            "real_name": "Moka Ahmed (Aml)",
            "display_name": "Moka",
            "team": "TJ5RZJT52",
            "name": "engamalahmed021",
            "is_restricted": false,
            "is_ultra_restricted": false
        },
        "thread_ts": "1721762673.414149",
        "parent_user_id": "UHUUD9ERZ",
        "blocks": [
            {
                "type": "rich_text",
                "block_id": "qO\/Ni",
                "elements": [
                    {
                        "type": "rich_text_section",
                        "elements": [
                            {
                                "type": "text",
                                "text": "Hi "
                            },
                            {
                                "type": "user",
                                "user_id": "U025HQ4LZ7C"
                            },
                            {
                                "type": "text",
                                "text": ", "
                            },
                            {
                                "type": "user",
                                "user_id": "U01G6KK5VNG"
                            },
                            {
                                "type": "text",
                                "text": " and "
                            },
                            {
                                "type": "user",
                                "user_id": "U052YQLT8Q2"
                            },
                            {
                                "type": "text",
                                "text": ",\n\nI hope you are doing well.\n\nPlease provide me with direct links to the Candid or T3 demos? It would be great to have it for display and sharing purposes.\n\nThank you very much."
                            }
                        ]
                    }
                ]
            }
        ]
    },
    {
        "user": "U06CLBBMD40",
        "type": "message",
        "ts": "1721940945.297469",
        "client_msg_id": "3783837b-f2b8-4ea6-bee1-049ca3425124",
        "text": "Hi <@U025HQ4LZ7C>, <@U01G6KK5VNG> and <@U052YQLT8Q2>,\n\nI hope you are doing well.\n\nPlease provide me with direct links to the Candid or T3 demos? It would be great to have it for display and sharing purposes.\n\nThank you very much.",
        "team": "TJ5RZJT52",
        "user_team": "TJ5RZJT52",
        "source_team": "TJ5RZJT52",
        "user_profile": {
            "avatar_hash": "73596cbecf24",
            "image_72": "https:\/\/avatars.slack-edge.com\/2024-07-12\/7435253434752_73596cbecf24177bbe71_72.jpg",
            "first_name": "Moka",
            "real_name": "Moka Ahmed (Aml)",
            "display_name": "Moka",
            "team": "TJ5RZJT52",
            "name": "engamalahmed021",
            "is_restricted": false,
            "is_ultra_restricted": false
        },
        "thread_ts": "1721940945.297469",
        "reply_count": 1,
        "reply_users_count": 1,
        "latest_reply": "1721964916.418649",
        "reply_users": [
            "U025HQ4LZ7C"
        ],
        "replies": [
            {
                "user": "U025HQ4LZ7C",
                "ts": "1721964916.418649"
            }
        ],
        "is_locked": false,
        "subscribed": false,
        "blocks": [
            {
                "type": "rich_text",
                "block_id": "qO\/Ni",
                "elements": [
                    {
                        "type": "rich_text_section",
                        "elements": [
                            {
                                "type": "text",
                                "text": "Hi "
                            },
                            {
                                "type": "user",
                                "user_id": "U025HQ4LZ7C"
                            },
                            {
                                "type": "text",
                                "text": ", "
                            },
                            {
                                "type": "user",
                                "user_id": "U01G6KK5VNG"
                            },
                            {
                                "type": "text",
                                "text": " and "
                            },
                            {
                                "type": "user",
                                "user_id": "U052YQLT8Q2"
                            },
                            {
                                "type": "text",
                                "text": ",\n\nI hope you are doing well.\n\nPlease provide me with direct links to the Candid or T3 demos? It would be great to have it for display and sharing purposes.\n\nThank you very much."
                            }
                        ]
                    }
                ]
            }
        ]
    },
    {
        "user": "U052YQLT8Q2",
        "type": "message",
        "ts": "1721941426.806259",
        "client_msg_id": "3b712fd5-5eb3-4649-87cb-276d029a4642",
        "text": "Hi Moka, will send this the link tomorrow by the end of the day",
        "team": "TJ5RZJT52",
        "user_team": "TJ5RZJT52",
        "source_team": "TJ5RZJT52",
        "user_profile": {
            "avatar_hash": "82a929b8d47e",
            "image_72": "https:\/\/avatars.slack-edge.com\/2023-10-31\/6116369999638_82a929b8d47e468d390e_72.jpg",
            "first_name": "Amr",
            "real_name": "Amr Nabel",
            "display_name": "",
            "team": "TJ5RZJT52",
            "name": "amr.nabel3993",
            "is_restricted": false,
            "is_ultra_restricted": false
        },
        "thread_ts": "1721941426.806259",
        "reply_count": 1,
        "reply_users_count": 1,
        "latest_reply": "1721942841.263309",
        "reply_users": [
            "U06CLBBMD40"
        ],
        "replies": [
            {
                "user": "U06CLBBMD40",
                "ts": "1721942841.263309"
            }
        ],
        "is_locked": false,
        "subscribed": false,
        "blocks": [
            {
                "type": "rich_text",
                "block_id": "T3bnu",
                "elements": [
                    {
                        "type": "rich_text_section",
                        "elements": [
                            {
                                "type": "text",
                                "text": "Hi Moka, will send this the link tomorrow by the end of the day"
                            }
                        ]
                    }
                ]
            }
        ]
    },
    {
        "user": "U06CLBBMD40",
        "type": "message",
        "ts": "1721942841.263309",
        "client_msg_id": "3ab327ed-646f-4324-ac55-20a5370ce15f",
        "text": "okay I wait u",
        "team": "TJ5RZJT52",
        "user_team": "TJ5RZJT52",
        "source_team": "TJ5RZJT52",
        "user_profile": {
            "avatar_hash": "73596cbecf24",
            "image_72": "https:\/\/avatars.slack-edge.com\/2024-07-12\/7435253434752_73596cbecf24177bbe71_72.jpg",
            "first_name": "Moka",
            "real_name": "Moka Ahmed (Aml)",
            "display_name": "Moka",
            "team": "TJ5RZJT52",
            "name": "engamalahmed021",
            "is_restricted": false,
            "is_ultra_restricted": false
        },
        "thread_ts": "1721941426.806259",
        "parent_user_id": "U052YQLT8Q2",
        "blocks": [
            {
                "type": "rich_text",
                "block_id": "mGJM0",
                "elements": [
                    {
                        "type": "rich_text_section",
                        "elements": [
                            {
                                "type": "text",
                                "text": "okay I wait u"
                            }
                        ]
                    }
                ]
            }
        ]
    },
    {
        "user": "U025HQ4LZ7C",
        "type": "message",
        "ts": "1721964916.418649",
        "client_msg_id": "A9ABE8B0-9E62-427B-B886-398CCE5553E3",
        "text": "<@U068N5LLHFU> can you see if we can provide some demo",
        "team": "TJ5RZJT52",
        "user_team": "TJ5RZJT52",
        "source_team": "TJ5RZJT52",
        "user_profile": {
            "avatar_hash": "65d4b9d85139",
            "image_72": "https:\/\/avatars.slack-edge.com\/2021-07-21\/2297856420082_65d4b9d851390df4dd17_72.jpg",
            "first_name": "",
            "real_name": "Rishabh Bhandari",
            "display_name": "Rishabh Bhandari",
            "team": "TJ5RZJT52",
            "name": "rbhandari141",
            "is_restricted": false,
            "is_ultra_restricted": false
        },
        "thread_ts": "1721940945.297469",
        "parent_user_id": "U06CLBBMD40",
        "blocks": [
            {
                "type": "rich_text",
                "block_id": "n1mhx",
                "elements": [
                    {
                        "type": "rich_text_section",
                        "elements": [
                            {
                                "type": "user",
                                "user_id": "U068N5LLHFU"
                            },
                            {
                                "type": "text",
                                "text": " can you see if we can provide some demo"
                            }
                        ]
                    }
                ]
            }
        ]
    }
]