[
    {
        "subtype": "bot_message",
        "text": "",
        "attachments": [
            {
                "id": 1,
                "footer_icon": "https:\/\/github.githubassets.com\/favicon.ico",
                "ts": 1721969368,
                "color": "2eb886",
                "fallback": "[GitHub]: [Whats-Cookin\/cookin] schedule schedule SUCCESS",
                "text": "*<https:\/\/github.com\/Whats-Cookin\/cookin\/actions?query=workflow:schedule|Workflow _schedule_ job _test_ triggered by _schedule_ is _SUCCESS_>* for <https:\/\/github.com\/Whats-Cookin\/cookin\/commits\/master|`master`>\n<https:\/\/github.com\/Whats-Cookin\/cookin\/commit\/f99d78dd|`f99d78dd`> - Schedule `45 4 * * *`",
                "author_name": "github",
                "author_link": "https:\/\/github.com\/github",
                "author_icon": "https:\/\/avatars1.githubusercontent.com\/u\/9919?s=200&v=4",
                "footer": "<https:\/\/github.com\/Whats-Cookin\/cookin|Whats-Cookin\/cookin> #1163",
                "mrkdwn_in": [
                    "fields",
                    "pretext",
                    "text"
                ]
            }
        ],
        "type": "message",
        "ts": "1721969367.898049",
        "bot_id": "B01NEKR3NHX"
    }
]