[
    {
        "user": "U025HQ4LZ7C",
        "type": "message",
        "ts": "1721898908.383959",
        "client_msg_id": "ceb59ef3-7b3e-498f-b460-68c7d2fa4922",
        "text": "<@U068N5LLHFU> these looks good to me, &amp; I hope whatever progress we have till now we can show it in today's call to candid team and get thier feedback, So please keep everything ready for the meeting.",
        "team": "TJ5RZJT52",
        "user_team": "TJ5RZJT52",
        "source_team": "TJ5RZJT52",
        "user_profile": {
            "avatar_hash": "65d4b9d85139",
            "image_72": "https:\/\/avatars.slack-edge.com\/2021-07-21\/2297856420082_65d4b9d851390df4dd17_72.jpg",
            "first_name": "",
            "real_name": "Rishabh Bhandari",
            "display_name": "Rishabh Bhandari",
            "team": "TJ5RZJT52",
            "name": "rbhandari141",
            "is_restricted": false,
            "is_ultra_restricted": false
        },
        "thread_ts": "1721863060.048829",
        "parent_user_id": "U068N5LLHFU",
        "blocks": [
            {
                "type": "rich_text",
                "block_id": "poPZA",
                "elements": [
                    {
                        "type": "rich_text_section",
                        "elements": [
                            {
                                "type": "user",
                                "user_id": "U068N5LLHFU"
                            },
                            {
                                "type": "text",
                                "text": " these looks good to me, & I hope whatever progress we have till now we can show it in today's call to candid team and get thier feedback, So please keep everything ready for the meeting."
                            }
                        ]
                    }
                ]
            }
        ]
    },
    {
        "user": "UHUUD9ERZ",
        "type": "message",
        "ts": "1721908452.812269",
        "client_msg_id": "543e2cda-10b0-43b0-a63f-05b69d0d833a",
        "text": "thank you <@U068N5LLHFU>!  i might not have time to look til this weekend so proceed ahead and merge, thanks so much for pushing this!",
        "team": "TJ5RZJT52",
        "user_team": "TJ5RZJT52",
        "source_team": "TJ5RZJT52",
        "user_profile": {
            "avatar_hash": "g74a16cb2b98",
            "image_72": "https:\/\/secure.gravatar.com\/avatar\/974a16cb2b98d51626c90922d272447e.jpg?s=72&d=https%3A%2F%2Fa.slack-edge.com%2Fdf10d%2Fimg%2Favatars%2Fava_0015-72.png",
            "first_name": "Golda",
            "real_name": "Golda Velez",
            "display_name": "",
            "team": "TJ5RZJT52",
            "name": "gvelez17",
            "is_restricted": false,
            "is_ultra_restricted": false
        },
        "blocks": [
            {
                "type": "rich_text",
                "block_id": "rQqWs",
                "elements": [
                    {
                        "type": "rich_text_section",
                        "elements": [
                            {
                                "type": "text",
                                "text": "thank you "
                            },
                            {
                                "type": "user",
                                "user_id": "U068N5LLHFU"
                            },
                            {
                                "type": "text",
                                "text": "!  i might not have time to look til this weekend so proceed ahead and merge, thanks so much for pushing this!"
                            }
                        ]
                    }
                ]
            }
        ],
        "reactions": [
            {
                "name": "pray",
                "users": [
                    "U068N5LLHFU"
                ],
                "count": 1
            }
        ]
    },
    {
        "user": "U068N5LLHFU",
        "type": "message",
        "ts": "1721930310.738459",
        "client_msg_id": "705dcbd1-8d5f-43b9-8a52-eabaa522a032",
        "text": "yeah about that",
        "team": "TJ5RZJT52",
        "user_team": "TJ5RZJT52",
        "source_team": "TJ5RZJT52",
        "user_profile": {
            "avatar_hash": "7e1ed0a85dc9",
            "image_72": "https:\/\/avatars.slack-edge.com\/2024-06-20\/7320193250673_7e1ed0a85dc938e8ae4d_72.jpg",
            "first_name": "Omar",
            "real_name": "Omar Salah",
            "display_name": "Omar Salah",
            "team": "TJ5RZJT52",
            "name": "omar.salah1597",
            "is_restricted": false,
            "is_ultra_restricted": false
        },
        "thread_ts": "1721863060.048829",
        "parent_user_id": "U068N5LLHFU",
        "blocks": [
            {
                "type": "rich_text",
                "block_id": "G1FPJ",
                "elements": [
                    {
                        "type": "rich_text_section",
                        "elements": [
                            {
                                "type": "text",
                                "text": "yeah about that"
                            }
                        ]
                    }
                ]
            }
        ]
    },
    {
        "user": "U068N5LLHFU",
        "type": "message",
        "ts": "1721930344.369129",
        "client_msg_id": "1a78d151-f786-4dcb-8a62-5244975a0615",
        "text": "could you please tell me the meeting agenda?",
        "team": "TJ5RZJT52",
        "user_team": "TJ5RZJT52",
        "source_team": "TJ5RZJT52",
        "user_profile": {
            "avatar_hash": "7e1ed0a85dc9",
            "image_72": "https:\/\/avatars.slack-edge.com\/2024-06-20\/7320193250673_7e1ed0a85dc938e8ae4d_72.jpg",
            "first_name": "Omar",
            "real_name": "Omar Salah",
            "display_name": "Omar Salah",
            "team": "TJ5RZJT52",
            "name": "omar.salah1597",
            "is_restricted": false,
            "is_ultra_restricted": false
        },
        "thread_ts": "1721863060.048829",
        "parent_user_id": "U068N5LLHFU",
        "blocks": [
            {
                "type": "rich_text",
                "block_id": "Xud9Z",
                "elements": [
                    {
                        "type": "rich_text_section",
                        "elements": [
                            {
                                "type": "text",
                                "text": "could you please tell me the meeting agenda?"
                            }
                        ]
                    }
                ]
            }
        ]
    },
    {
        "user": "U025HQ4LZ7C",
        "type": "message",
        "ts": "1721930403.710769",
        "client_msg_id": "DB92324D-7EF1-4100-A4F3-9F366078D718",
        "text": "Here it is\n\n\n<https:\/\/whatscookinworkspace.slack.com\/archives\/C074227333J\/p1721140950414409|https:\/\/whatscookinworkspace.slack.com\/archives\/C074227333J\/p1721140950414409>",
        "team": "TJ5RZJT52",
        "user_team": "TJ5RZJT52",
        "source_team": "TJ5RZJT52",
        "user_profile": {
            "avatar_hash": "65d4b9d85139",
            "image_72": "https:\/\/avatars.slack-edge.com\/2021-07-21\/2297856420082_65d4b9d851390df4dd17_72.jpg",
            "first_name": "",
            "real_name": "Rishabh Bhandari",
            "display_name": "Rishabh Bhandari",
            "team": "TJ5RZJT52",
            "name": "rbhandari141",
            "is_restricted": false,
            "is_ultra_restricted": false
        },
        "thread_ts": "1721863060.048829",
        "parent_user_id": "U068N5LLHFU",
        "attachments": [
            {
                "from_url": "https:\/\/whatscookinworkspace.slack.com\/archives\/C074227333J\/p1721140950414409",
                "ts": "1721140950.414409",
                "author_id": "U025HQ4LZ7C",
                "channel_id": "C074227333J",
                "channel_team": "TJ5RZJT52",
                "is_msg_unfurl": true,
                "message_blocks": [
                    {
                        "team": "TJ5RZJT52",
                        "channel": "C074227333J",
                        "ts": "1721140950.414409",
                        "message": {
                            "blocks": [
                                {
                                    "type": "rich_text",
                                    "block_id": "cE2Nw",
                                    "elements": [
                                        {
                                            "type": "rich_text_section",
                                            "elements": [
                                                {
                                                    "type": "text",
                                                    "text": "Hi "
                                                },
                                                {
                                                    "type": "broadcast",
                                                    "range": "channel"
                                                },
                                                {
                                                    "type": "text",
                                                    "text": " we have a meeting with Candid team on 25 July\nHere is the Agenda:\n"
                                                }
                                            ]
                                        },
                                        {
                                            "type": "rich_text_list",
                                            "elements": [
                                                {
                                                    "type": "rich_text_section",
                                                    "elements": [
                                                        {
                                                            "type": "text",
                                                            "text": "Walk through proposed Candid process flow"
                                                        }
                                                    ]
                                                },
                                                {
                                                    "type": "rich_text_section",
                                                    "elements": [
                                                        {
                                                            "type": "text",
                                                            "text": "Discuss any questions from Candid\/Linked Trust team on shared API definition"
                                                        }
                                                    ]
                                                }
                                            ],
                                            "style": "bullet",
                                            "indent": 0,
                                            "border": 0
                                        },
                                        {
                                            "type": "rich_text_section",
                                            "elements": [
                                                {
                                                    "type": "text",
                                                    "text": "\n "
                                                },
                                                {
                                                    "type": "user",
                                                    "user_id": "U068N5LLHFU"
                                                },
                                                {
                                                    "type": "text",
                                                    "text": " - Let's keep things ready which we want to show them & all the doubts which we have, because it's tough to get a meeting with them, so let's use this meeting\n\ncc: "
                                                },
                                                {
                                                    "type": "user",
                                                    "user_id": "UHUUD9ERZ"
                                                }
                                            ]
                                        }
                                    ]
                                }
                            ]
                        }
                    }
                ],
                "id": 1,
                "original_url": "https:\/\/whatscookinworkspace.slack.com\/archives\/C074227333J\/p1721140950414409",
                "fallback": "[July 16th, 2024 7:42 AM] rbhandari141: Hi <!channel> we have a meeting with Candid team on 25 July\nHere is the Agenda:\n• Walk through proposed Candid process flow\n• Discuss any questions from Candid\/Linked Trust team on shared API definition\n <@U068N5LLHFU> - Let's keep things ready which we want to show them &amp; all the doubts which we have, because it's tough to get a meeting with them, so let's use this meeting\n\ncc: <@UHUUD9ERZ>",
                "text": "Hi <!channel> we have a meeting with Candid team on 25 July\nHere is the Agenda:\n• Walk through proposed Candid process flow\n• Discuss any questions from Candid\/Linked Trust team on shared API definition\n <@U068N5LLHFU> - Let's keep things ready which we want to show them &amp; all the doubts which we have, because it's tough to get a meeting with them, so let's use this meeting\n\ncc: <@UHUUD9ERZ>",
                "author_name": "Rishabh Bhandari",
                "author_link": "https:\/\/whatscookinworkspace.slack.com\/team\/U025HQ4LZ7C",
                "author_icon": "https:\/\/avatars.slack-edge.com\/2021-07-21\/2297856420082_65d4b9d851390df4dd17_48.jpg",
                "author_subname": "Rishabh Bhandari",
                "mrkdwn_in": [
                    "text"
                ],
                "footer": "Slack Conversation"
            }
        ],
        "blocks": [
            {
                "type": "rich_text",
                "block_id": "t4ySt",
                "elements": [
                    {
                        "type": "rich_text_section",
                        "elements": [
                            {
                                "type": "text",
                                "text": "Here it is\n\n\n"
                            },
                            {
                                "type": "link",
                                "url": "https:\/\/whatscookinworkspace.slack.com\/archives\/C074227333J\/p1721140950414409",
                                "text": "https:\/\/whatscookinworkspace.slack.com\/archives\/C074227333J\/p1721140950414409"
                            }
                        ]
                    }
                ]
            }
        ],
        "reactions": [
            {
                "name": "+1",
                "users": [
                    "U068N5LLHFU"
                ],
                "count": 1
            }
        ]
    },
    {
        "user": "U025HQ4LZ7C",
        "type": "message",
        "ts": "1721934081.381449",
        "client_msg_id": "ad979717-3a6e-4243-9bee-30ccd1c092d0",
        "text": "<https:\/\/candid.zoom.us\/j\/89011660061?from=addon>\n\n<!channel>",
        "team": "TJ5RZJT52",
        "user_team": "TJ5RZJT52",
        "source_team": "TJ5RZJT52",
        "user_profile": {
            "avatar_hash": "65d4b9d85139",
            "image_72": "https:\/\/avatars.slack-edge.com\/2021-07-21\/2297856420082_65d4b9d851390df4dd17_72.jpg",
            "first_name": "",
            "real_name": "Rishabh Bhandari",
            "display_name": "Rishabh Bhandari",
            "team": "TJ5RZJT52",
            "name": "rbhandari141",
            "is_restricted": false,
            "is_ultra_restricted": false
        },
        "blocks": [
            {
                "type": "rich_text",
                "block_id": "Tey4J",
                "elements": [
                    {
                        "type": "rich_text_section",
                        "elements": [
                            {
                                "type": "link",
                                "url": "https:\/\/candid.zoom.us\/j\/89011660061?from=addon"
                            },
                            {
                                "type": "text",
                                "text": "\n\n"
                            },
                            {
                                "type": "broadcast",
                                "range": "channel"
                            }
                        ]
                    }
                ]
            }
        ]
    },
    {
        "user": "U068N5LLHFU",
        "type": "message",
        "ts": "1721934175.921429",
        "client_msg_id": "280aa1ba-273b-4f10-9d6e-f543ee5cd58c",
        "text": "i am facing issues with the sound",
        "team": "TJ5RZJT52",
        "user_team": "TJ5RZJT52",
        "source_team": "TJ5RZJT52",
        "user_profile": {
            "avatar_hash": "7e1ed0a85dc9",
            "image_72": "https:\/\/avatars.slack-edge.com\/2024-06-20\/7320193250673_7e1ed0a85dc938e8ae4d_72.jpg",
            "first_name": "Omar",
            "real_name": "Omar Salah",
            "display_name": "Omar Salah",
            "team": "TJ5RZJT52",
            "name": "omar.salah1597",
            "is_restricted": false,
            "is_ultra_restricted": false
        },
        "blocks": [
            {
                "type": "rich_text",
                "block_id": "1LCMo",
                "elements": [
                    {
                        "type": "rich_text_section",
                        "elements": [
                            {
                                "type": "text",
                                "text": "i am facing issues with the sound"
                            }
                        ]
                    }
                ]
            }
        ]
    },
    {
        "user": "U025HQ4LZ7C",
        "type": "message",
        "ts": "1721934188.666699",
        "client_msg_id": "e708a9cc-41ba-4d88-a1b4-cb66eb759556",
        "text": "can you try from someother device?",
        "team": "TJ5RZJT52",
        "user_team": "TJ5RZJT52",
        "source_team": "TJ5RZJT52",
        "user_profile": {
            "avatar_hash": "65d4b9d85139",
            "image_72": "https:\/\/avatars.slack-edge.com\/2021-07-21\/2297856420082_65d4b9d851390df4dd17_72.jpg",
            "first_name": "",
            "real_name": "Rishabh Bhandari",
            "display_name": "Rishabh Bhandari",
            "team": "TJ5RZJT52",
            "name": "rbhandari141",
            "is_restricted": false,
            "is_ultra_restricted": false
        },
        "blocks": [
            {
                "type": "rich_text",
                "block_id": "1z58q",
                "elements": [
                    {
                        "type": "rich_text_section",
                        "elements": [
                            {
                                "type": "text",
                                "text": "can you try from someother device?"
                            }
                        ]
                    }
                ]
            }
        ]
    },
    {
        "user": "U068N5LLHFU",
        "type": "message",
        "ts": "1721934190.296009",
        "client_msg_id": "6db115f3-6b0b-4048-a592-1e31cd8adb47",
        "text": "can we meet with google meet",
        "team": "TJ5RZJT52",
        "user_team": "TJ5RZJT52",
        "source_team": "TJ5RZJT52",
        "user_profile": {
            "avatar_hash": "7e1ed0a85dc9",
            "image_72": "https:\/\/avatars.slack-edge.com\/2024-06-20\/7320193250673_7e1ed0a85dc938e8ae4d_72.jpg",
            "first_name": "Omar",
            "real_name": "Omar Salah",
            "display_name": "Omar Salah",
            "team": "TJ5RZJT52",
            "name": "omar.salah1597",
            "is_restricted": false,
            "is_ultra_restricted": false
        },
        "blocks": [
            {
                "type": "rich_text",
                "block_id": "1kxsW",
                "elements": [
                    {
                        "type": "rich_text_section",
                        "elements": [
                            {
                                "type": "text",
                                "text": "can we meet with google meet"
                            }
                        ]
                    }
                ]
            }
        ]
    },
    {
        "user": "U068N5LLHFU",
        "type": "message",
        "ts": "1721934198.616309",
        "client_msg_id": "884ed4a5-6d8b-42d9-8a71-bb73587c65b7",
        "text": "okay i will try",
        "team": "TJ5RZJT52",
        "user_team": "TJ5RZJT52",
        "source_team": "TJ5RZJT52",
        "user_profile": {
            "avatar_hash": "7e1ed0a85dc9",
            "image_72": "https:\/\/avatars.slack-edge.com\/2024-06-20\/7320193250673_7e1ed0a85dc938e8ae4d_72.jpg",
            "first_name": "Omar",
            "real_name": "Omar Salah",
            "display_name": "Omar Salah",
            "team": "TJ5RZJT52",
            "name": "omar.salah1597",
            "is_restricted": false,
            "is_ultra_restricted": false
        },
        "blocks": [
            {
                "type": "rich_text",
                "block_id": "6J59w",
                "elements": [
                    {
                        "type": "rich_text_section",
                        "elements": [
                            {
                                "type": "text",
                                "text": "okay i will try"
                            }
                        ]
                    }
                ]
            }
        ]
    },
    {
        "user": "U025HQ4LZ7C",
        "type": "message",
        "ts": "1721934297.110479",
        "client_msg_id": "0cb4dc46-0317-4443-9e29-c203bc4caa97",
        "text": "is it working?",
        "team": "TJ5RZJT52",
        "user_team": "TJ5RZJT52",
        "source_team": "TJ5RZJT52",
        "user_profile": {
            "avatar_hash": "65d4b9d85139",
            "image_72": "https:\/\/avatars.slack-edge.com\/2021-07-21\/2297856420082_65d4b9d851390df4dd17_72.jpg",
            "first_name": "",
            "real_name": "Rishabh Bhandari",
            "display_name": "Rishabh Bhandari",
            "team": "TJ5RZJT52",
            "name": "rbhandari141",
            "is_restricted": false,
            "is_ultra_restricted": false
        },
        "blocks": [
            {
                "type": "rich_text",
                "block_id": "lLYm8",
                "elements": [
                    {
                        "type": "rich_text_section",
                        "elements": [
                            {
                                "type": "text",
                                "text": "is it working?"
                            }
                        ]
                    }
                ]
            }
        ]
    },
    {
        "user": "U025HQ4LZ7C",
        "type": "message",
        "ts": "1721934299.833739",
        "client_msg_id": "d3f9a09e-26a5-4edb-b8df-835a7f55d69d",
        "text": "<@U068N5LLHFU>",
        "team": "TJ5RZJT52",
        "user_team": "TJ5RZJT52",
        "source_team": "TJ5RZJT52",
        "user_profile": {
            "avatar_hash": "65d4b9d85139",
            "image_72": "https:\/\/avatars.slack-edge.com\/2021-07-21\/2297856420082_65d4b9d851390df4dd17_72.jpg",
            "first_name": "",
            "real_name": "Rishabh Bhandari",
            "display_name": "Rishabh Bhandari",
            "team": "TJ5RZJT52",
            "name": "rbhandari141",
            "is_restricted": false,
            "is_ultra_restricted": false
        },
        "blocks": [
            {
                "type": "rich_text",
                "block_id": "CDrVr",
                "elements": [
                    {
                        "type": "rich_text_section",
                        "elements": [
                            {
                                "type": "user",
                                "user_id": "U068N5LLHFU"
                            }
                        ]
                    }
                ]
            }
        ]
    },
    {
        "user": "U04JB4HPS6P",
        "type": "message",
        "ts": "1721934502.062579",
        "client_msg_id": "b78d71cc-9ccc-4f4f-ac28-29888568fa61",
        "text": "i can't hear a thing",
        "team": "TJ5RZJT52",
        "user_team": "TJ5RZJT52",
        "source_team": "TJ5RZJT52",
        "user_profile": {
            "avatar_hash": "4c5395129248",
            "image_72": "https:\/\/avatars.slack-edge.com\/2023-04-10\/5088199635636_4c5395129248f6965f74_72.jpg",
            "first_name": "Peter",
            "real_name": "Peter Benjamin Ani",
            "display_name": "Peter Benjamin Ani",
            "team": "TJ5RZJT52",
            "name": "benjaminparish6",
            "is_restricted": false,
            "is_ultra_restricted": false
        },
        "blocks": [
            {
                "type": "rich_text",
                "block_id": "CvkYF",
                "elements": [
                    {
                        "type": "rich_text_section",
                        "elements": [
                            {
                                "type": "text",
                                "text": "i can't hear a thing"
                            }
                        ]
                    }
                ]
            }
        ]
    },
    {
        "text": "Hey <@UHUUD9ERZ>, sharing a quick brief of the meeting:\nSo overall it went great, the only doubt they had is about the response, sarah is pushing to have the response in Green\/Yellow\/etc which we mentioned in the initial proposal, but kyle also said that (Definite\/maybe\/nope) may work, so this is the only point of discussion.\n*Rest they want us to test out everything with real data in next two weeks.*\n\nI think that's all  <@U068N5LLHFU> please add your thoughts on this, or if I missed anything.",
        "files": [
            {
                "id": "F07DPBX0MKR",
                "created": 1721936882,
                "timestamp": 1721936882,
                "name": "image.png",
                "title": "image.png",
                "mimetype": "image\/png",
                "filetype": "png",
                "pretty_type": "PNG",
                "user": "U025HQ4LZ7C",
                "user_team": "TJ5RZJT52",
                "editable": false,
                "size": 401313,
                "mode": "hosted",
                "is_external": false,
                "external_type": "",
                "is_public": true,
                "public_url_shared": false,
                "display_as_bot": false,
                "username": "",
                "url_private": "https:\/\/files.slack.com\/files-pri\/TJ5RZJT52-F07DPBX0MKR\/image.png?t=xoxe-617883639172-7478875690773-7481774584498-d563a14196f2b659c195186b8ee3409c",
                "url_private_download": "https:\/\/files.slack.com\/files-pri\/TJ5RZJT52-F07DPBX0MKR\/download\/image.png?t=xoxe-617883639172-7478875690773-7481774584498-d563a14196f2b659c195186b8ee3409c",
                "media_display_type": "unknown",
                "thumb_64": "https:\/\/files.slack.com\/files-tmb\/TJ5RZJT52-F07DPBX0MKR-90ec1cb7ad\/image_64.png?t=xoxe-617883639172-7478875690773-7481774584498-d563a14196f2b659c195186b8ee3409c",
                "thumb_80": "https:\/\/files.slack.com\/files-tmb\/TJ5RZJT52-F07DPBX0MKR-90ec1cb7ad\/image_80.png?t=xoxe-617883639172-7478875690773-7481774584498-d563a14196f2b659c195186b8ee3409c",
                "thumb_360": "https:\/\/files.slack.com\/files-tmb\/TJ5RZJT52-F07DPBX0MKR-90ec1cb7ad\/image_360.png?t=xoxe-617883639172-7478875690773-7481774584498-d563a14196f2b659c195186b8ee3409c",
                "thumb_360_w": 360,
                "thumb_360_h": 192,
                "thumb_480": "https:\/\/files.slack.com\/files-tmb\/TJ5RZJT52-F07DPBX0MKR-90ec1cb7ad\/image_480.png?t=xoxe-617883639172-7478875690773-7481774584498-d563a14196f2b659c195186b8ee3409c",
                "thumb_480_w": 480,
                "thumb_480_h": 256,
                "thumb_160": "https:\/\/files.slack.com\/files-tmb\/TJ5RZJT52-F07DPBX0MKR-90ec1cb7ad\/image_160.png?t=xoxe-617883639172-7478875690773-7481774584498-d563a14196f2b659c195186b8ee3409c",
                "thumb_720": "https:\/\/files.slack.com\/files-tmb\/TJ5RZJT52-F07DPBX0MKR-90ec1cb7ad\/image_720.png?t=xoxe-617883639172-7478875690773-7481774584498-d563a14196f2b659c195186b8ee3409c",
                "thumb_720_w": 720,
                "thumb_720_h": 384,
                "thumb_800": "https:\/\/files.slack.com\/files-tmb\/TJ5RZJT52-F07DPBX0MKR-90ec1cb7ad\/image_800.png?t=xoxe-617883639172-7478875690773-7481774584498-d563a14196f2b659c195186b8ee3409c",
                "thumb_800_w": 800,
                "thumb_800_h": 426,
                "thumb_960": "https:\/\/files.slack.com\/files-tmb\/TJ5RZJT52-F07DPBX0MKR-90ec1cb7ad\/image_960.png?t=xoxe-617883639172-7478875690773-7481774584498-d563a14196f2b659c195186b8ee3409c",
                "thumb_960_w": 960,
                "thumb_960_h": 511,
                "thumb_1024": "https:\/\/files.slack.com\/files-tmb\/TJ5RZJT52-F07DPBX0MKR-90ec1cb7ad\/image_1024.png?t=xoxe-617883639172-7478875690773-7481774584498-d563a14196f2b659c195186b8ee3409c",
                "thumb_1024_w": 1024,
                "thumb_1024_h": 546,
                "original_w": 1404,
                "original_h": 748,
                "thumb_tiny": "AwAZADDSJOf\/AK1Jk+\/5UN170nHqaAHZ9c\/lRn2P5U3j1NAI96AHZ9j+VKDn1puR7\/nSqR2oARsZ5zSY9jT6KAGbfY\/pS4H9006igBuB\/dNKPpilooA\/\/9k=",
                "permalink": "https:\/\/whatscookinworkspace.slack.com\/files\/U025HQ4LZ7C\/F07DPBX0MKR\/image.png",
                "permalink_public": "https:\/\/slack-files.com\/TJ5RZJT52-F07DPBX0MKR-d63305e396",
                "is_starred": false,
                "has_rich_preview": false,
                "file_access": "visible"
            }
        ],
        "upload": false,
        "user": "U025HQ4LZ7C",
        "display_as_bot": false,
        "blocks": [
            {
                "type": "rich_text",
                "block_id": "P\/j7g",
                "elements": [
                    {
                        "type": "rich_text_section",
                        "elements": [
                            {
                                "type": "text",
                                "text": "Hey "
                            },
                            {
                                "type": "user",
                                "user_id": "UHUUD9ERZ"
                            },
                            {
                                "type": "text",
                                "text": ", sharing a quick brief of the meeting:\nSo overall it went great, the only doubt they had is about the response, sarah is pushing to have the response in Green\/Yellow\/etc which we mentioned in the initial proposal, but kyle also said that (Definite\/maybe\/nope) may work, so this is the only point of discussion.\n"
                            },
                            {
                                "type": "text",
                                "text": "Rest they want us to test out everything with real data in next two weeks.",
                                "style": {
                                    "bold": true
                                }
                            },
                            {
                                "type": "text",
                                "text": "\n\nI think that's all  "
                            },
                            {
                                "type": "user",
                                "user_id": "U068N5LLHFU"
                            },
                            {
                                "type": "text",
                                "text": " please add your thoughts on this, or if I missed anything."
                            }
                        ]
                    }
                ]
            }
        ],
        "type": "message",
        "ts": "1721937149.936739",
        "client_msg_id": "6c9569c1-1825-444a-931c-997b6622ea4b"
    }
]