[
    {
        "user": "U068XMFG6UF",
        "type": "message",
        "ts": "1721907727.078539",
        "client_msg_id": "4544c9ec-aa17-4d6d-8fca-30d08da98620",
        "text": "hey <@UHUUD9ERZ> I wanna keep you updated \n\nYesterday’s Achievements:\n•  Created 2 screens for validation page.\n• Collaborated with Muhammad during a meeting with new guys.\n• Made a meeting with Amos to dividing the tasks .\n \nToday’s Plan :\n• Continue working on my tasks and finish my design for validation page ( PC, Mobile version, dark and light mood)\n• Meeting with my team to keep in touch and know the updates with everyone.",
        "team": "TJ5RZJT52",
        "user_team": "TJ5RZJT52",
        "source_team": "TJ5RZJT52",
        "user_profile": {
            "avatar_hash": "2bc17a2ad291",
            "image_72": "https:\/\/avatars.slack-edge.com\/2024-03-15\/6822016885953_2bc17a2ad291047f59a2_72.jpg",
            "first_name": "Ahlam",
            "real_name": "Ahlam Sayed",
            "display_name": "Molly",
            "team": "TJ5RZJT52",
            "name": "dev.ahlamsayed",
            "is_restricted": false,
            "is_ultra_restricted": false
        },
        "blocks": [
            {
                "type": "rich_text",
                "block_id": "hMQ8h",
                "elements": [
                    {
                        "type": "rich_text_section",
                        "elements": [
                            {
                                "type": "text",
                                "text": "hey "
                            },
                            {
                                "type": "user",
                                "user_id": "UHUUD9ERZ"
                            },
                            {
                                "type": "text",
                                "text": " I wanna keep you updated \n\nYesterday’s Achievements:\n"
                            }
                        ]
                    },
                    {
                        "type": "rich_text_list",
                        "elements": [
                            {
                                "type": "rich_text_section",
                                "elements": [
                                    {
                                        "type": "text",
                                        "text": " Created 2 screens for validation page."
                                    }
                                ]
                            },
                            {
                                "type": "rich_text_section",
                                "elements": [
                                    {
                                        "type": "text",
                                        "text": "Collaborated with Muhammad during a meeting with new guys."
                                    }
                                ]
                            },
                            {
                                "type": "rich_text_section",
                                "elements": [
                                    {
                                        "type": "text",
                                        "text": "Made a meeting with Amos to dividing the tasks ."
                                    }
                                ]
                            }
                        ],
                        "style": "bullet",
                        "indent": 0,
                        "offset": 0,
                        "border": 0
                    },
                    {
                        "type": "rich_text_section",
                        "elements": [
                            {
                                "type": "text",
                                "text": " \nToday’s Plan :\n"
                            }
                        ]
                    },
                    {
                        "type": "rich_text_list",
                        "elements": [
                            {
                                "type": "rich_text_section",
                                "elements": [
                                    {
                                        "type": "text",
                                        "text": "Continue working on my tasks and finish my design for validation page ( PC, Mobile version, dark and light mood)"
                                    }
                                ]
                            },
                            {
                                "type": "rich_text_section",
                                "elements": [
                                    {
                                        "type": "text",
                                        "text": "Meeting with my team to keep in touch and know the updates with everyone."
                                    }
                                ]
                            }
                        ],
                        "style": "bullet",
                        "indent": 0,
                        "offset": 0,
                        "border": 0
                    }
                ]
            }
        ],
        "reactions": [
            {
                "name": "heart_on_fire",
                "users": [
                    "UHUUD9ERZ",
                    "U069UCY6WPL",
                    "U079BGE2X6Y"
                ],
                "count": 3
            }
        ]
    },
    {
        "user": "UHUUD9ERZ",
        "type": "message",
        "ts": "1721908351.696099",
        "client_msg_id": "701da22b-3fe6-4f64-b074-0d2050a8c9ea",
        "text": "Love it!  sorry i have been quiet, i am working in this IPC stuff at day job, learning about token node validators in Interplanetary Consensus network, all this stuffs, <https:\/\/docs.filecoin.io\/networks\/calibration>, I hope that it can also open opportunities for us for new work once understand this ecosystem.\n\nNo work for me on us yesterday, but today will meet with Peter to push the bizdev forward!\n\nAlso quick note, tomorrow we have a <https:\/\/calendar.google.com\/calendar\/event?action=TEMPLATE&amp;tmeid=NTNzdXY0aGYyODZhN2N1NGFhZmNqaGY4MWwgNGIxMDQ4NTFiZTQ5YWVlYjM2YzNiMDNlMTVjM2I5YTdmNjc4NTE1ZTg4NDMwMWM5NDk2OWZlY2MwNjgyNGY3N0Bn&amp;tmsrc=4b104851be49aeeb36c3b03e15c3b9a7f678515e884301c94969fecc06824f77%40group.calendar.google.com|meeting with Ben Werdmuller> who is very helpful person in the decentralized and cooperative ecosystem, please anyone in team can join its at Friday Jul 16 7am PT , use the <https:\/\/calendar.google.com\/calendar\/event?action=TEMPLATE&amp;tmeid=NTNzdXY0aGYyODZhN2N1NGFhZmNqaGY4MWwgNGIxMDQ4NTFiZTQ5YWVlYjM2YzNiMDNlMTVjM2I5YTdmNjc4NTE1ZTg4NDMwMWM5NDk2OWZlY2MwNjgyNGY3N0Bn&amp;tmsrc=4b104851be49aeeb36c3b03e15c3b9a7f678515e884301c94969fecc06824f77%40group.calendar.google.com|calendar link> or join at : <https:\/\/meet.google.com\/sqw-cwgj-fqh>\n\nAnd also note the Ceramic community discord is today at\n<https:\/\/discord.gg\/CtavxFarvz> at 8am PT in 3 hrs from now, its very small attendance so good chance to get attention and relationship building for us, i put a note about specifics in <#C03F08Z3HD2|c-linked-trust> channel if anyone wants to go",
        "team": "TJ5RZJT52",
        "user_team": "TJ5RZJT52",
        "source_team": "TJ5RZJT52",
        "user_profile": {
            "avatar_hash": "g74a16cb2b98",
            "image_72": "https:\/\/secure.gravatar.com\/avatar\/974a16cb2b98d51626c90922d272447e.jpg?s=72&d=https%3A%2F%2Fa.slack-edge.com%2Fdf10d%2Fimg%2Favatars%2Fava_0015-72.png",
            "first_name": "Golda",
            "real_name": "Golda Velez",
            "display_name": "",
            "team": "TJ5RZJT52",
            "name": "gvelez17",
            "is_restricted": false,
            "is_ultra_restricted": false
        },
        "blocks": [
            {
                "type": "rich_text",
                "block_id": "5tYrb",
                "elements": [
                    {
                        "type": "rich_text_section",
                        "elements": [
                            {
                                "type": "text",
                                "text": "Love it!  sorry i have been quiet, i am working in this IPC stuff at day job, learning about token node validators in Interplanetary Consensus network, all this stuffs, "
                            },
                            {
                                "type": "link",
                                "url": "https:\/\/docs.filecoin.io\/networks\/calibration"
                            },
                            {
                                "type": "text",
                                "text": ", I hope that it can also open opportunities for us for new work once understand this ecosystem.\n\nNo work for me on us yesterday, but today will meet with Peter to push the bizdev forward!\n\nAlso quick note, tomorrow we have a "
                            },
                            {
                                "type": "link",
                                "url": "https:\/\/calendar.google.com\/calendar\/event?action=TEMPLATE&tmeid=NTNzdXY0aGYyODZhN2N1NGFhZmNqaGY4MWwgNGIxMDQ4NTFiZTQ5YWVlYjM2YzNiMDNlMTVjM2I5YTdmNjc4NTE1ZTg4NDMwMWM5NDk2OWZlY2MwNjgyNGY3N0Bn&tmsrc=4b104851be49aeeb36c3b03e15c3b9a7f678515e884301c94969fecc06824f77%40group.calendar.google.com",
                                "text": "meeting with Ben Werdmuller"
                            },
                            {
                                "type": "text",
                                "text": " who is very helpful person in the decentralized and cooperative ecosystem, please anyone in team can join its at Friday Jul 16 7am PT , use the "
                            },
                            {
                                "type": "link",
                                "url": "https:\/\/calendar.google.com\/calendar\/event?action=TEMPLATE&tmeid=NTNzdXY0aGYyODZhN2N1NGFhZmNqaGY4MWwgNGIxMDQ4NTFiZTQ5YWVlYjM2YzNiMDNlMTVjM2I5YTdmNjc4NTE1ZTg4NDMwMWM5NDk2OWZlY2MwNjgyNGY3N0Bn&tmsrc=4b104851be49aeeb36c3b03e15c3b9a7f678515e884301c94969fecc06824f77%40group.calendar.google.com",
                                "text": "calendar link"
                            },
                            {
                                "type": "text",
                                "text": " or join at : "
                            },
                            {
                                "type": "link",
                                "url": "https:\/\/meet.google.com\/sqw-cwgj-fqh"
                            },
                            {
                                "type": "text",
                                "text": "\n\nAnd also note the Ceramic community discord is today at\n"
                            },
                            {
                                "type": "link",
                                "url": "https:\/\/discord.gg\/CtavxFarvz"
                            },
                            {
                                "type": "text",
                                "text": " at 8am PT in 3 hrs from now, its very small attendance so good chance to get attention and relationship building for us, i put a note about specifics in "
                            },
                            {
                                "type": "channel",
                                "channel_id": "C03F08Z3HD2"
                            },
                            {
                                "type": "text",
                                "text": " channel if anyone wants to go"
                            }
                        ]
                    }
                ]
            }
        ],
        "reactions": [
            {
                "name": "raised_hands",
                "users": [
                    "U069UCY6WPL",
                    "U079BGE2X6Y"
                ],
                "count": 2
            },
            {
                "name": "100",
                "users": [
                    "U053Y4130SH"
                ],
                "count": 1
            }
        ]
    },
    {
        "user": "UHUUD9ERZ",
        "type": "message",
        "ts": "1721908396.722089",
        "client_msg_id": "422668e9-0926-4b54-bf4d-d51af2378627",
        "text": "Later today i will for sure examine and promote all the great work happening at LinkedTrust team, and tomorrow look at the T3 and Candid works to prepare for demos, thank you guys for all the progress!",
        "team": "TJ5RZJT52",
        "user_team": "TJ5RZJT52",
        "source_team": "TJ5RZJT52",
        "user_profile": {
            "avatar_hash": "g74a16cb2b98",
            "image_72": "https:\/\/secure.gravatar.com\/avatar\/974a16cb2b98d51626c90922d272447e.jpg?s=72&d=https%3A%2F%2Fa.slack-edge.com%2Fdf10d%2Fimg%2Favatars%2Fava_0015-72.png",
            "first_name": "Golda",
            "real_name": "Golda Velez",
            "display_name": "",
            "team": "TJ5RZJT52",
            "name": "gvelez17",
            "is_restricted": false,
            "is_ultra_restricted": false
        },
        "blocks": [
            {
                "type": "rich_text",
                "block_id": "tr8Pg",
                "elements": [
                    {
                        "type": "rich_text_section",
                        "elements": [
                            {
                                "type": "text",
                                "text": "Later today i will for sure examine and promote all the great work happening at LinkedTrust team, and tomorrow look at the T3 and Candid works to prepare for demos, thank you guys for all the progress!"
                            }
                        ]
                    }
                ]
            }
        ],
        "reactions": [
            {
                "name": "pray",
                "users": [
                    "U069UCY6WPL",
                    "U079BGE2X6Y"
                ],
                "count": 2
            }
        ]
    },
    {
        "text": "The link has expired",
        "files": [
            {
                "id": "F07EET6PZR7",
                "created": 1721919685,
                "timestamp": 1721919685,
                "name": "Screenshot_2024-07-25-17-28-53-621_com.discord.jpg",
                "title": "Screenshot_2024-07-25-17-28-53-621_com.discord.jpg",
                "mimetype": "image\/jpeg",
                "filetype": "jpg",
                "pretty_type": "JPEG",
                "user": "U068XMFG6UF",
                "user_team": "TJ5RZJT52",
                "editable": false,
                "size": 53554,
                "mode": "hosted",
                "is_external": false,
                "external_type": "",
                "is_public": true,
                "public_url_shared": false,
                "display_as_bot": false,
                "username": "",
                "url_private": "https:\/\/files.slack.com\/files-pri\/TJ5RZJT52-F07EET6PZR7\/screenshot_2024-07-25-17-28-53-621_com.discord.jpg?t=xoxe-617883639172-7478875690773-7481774584498-d563a14196f2b659c195186b8ee3409c",
                "url_private_download": "https:\/\/files.slack.com\/files-pri\/TJ5RZJT52-F07EET6PZR7\/download\/screenshot_2024-07-25-17-28-53-621_com.discord.jpg?t=xoxe-617883639172-7478875690773-7481774584498-d563a14196f2b659c195186b8ee3409c",
                "media_display_type": "unknown",
                "thumb_64": "https:\/\/files.slack.com\/files-tmb\/TJ5RZJT52-F07EET6PZR7-ad1255ebd4\/screenshot_2024-07-25-17-28-53-621_com.discord_64.jpg?t=xoxe-617883639172-7478875690773-7481774584498-d563a14196f2b659c195186b8ee3409c",
                "thumb_80": "https:\/\/files.slack.com\/files-tmb\/TJ5RZJT52-F07EET6PZR7-ad1255ebd4\/screenshot_2024-07-25-17-28-53-621_com.discord_80.jpg?t=xoxe-617883639172-7478875690773-7481774584498-d563a14196f2b659c195186b8ee3409c",
                "thumb_360": "https:\/\/files.slack.com\/files-tmb\/TJ5RZJT52-F07EET6PZR7-ad1255ebd4\/screenshot_2024-07-25-17-28-53-621_com.discord_360.jpg?t=xoxe-617883639172-7478875690773-7481774584498-d563a14196f2b659c195186b8ee3409c",
                "thumb_360_w": 162,
                "thumb_360_h": 360,
                "thumb_480": "https:\/\/files.slack.com\/files-tmb\/TJ5RZJT52-F07EET6PZR7-ad1255ebd4\/screenshot_2024-07-25-17-28-53-621_com.discord_480.jpg?t=xoxe-617883639172-7478875690773-7481774584498-d563a14196f2b659c195186b8ee3409c",
                "thumb_480_w": 216,
                "thumb_480_h": 480,
                "thumb_160": "https:\/\/files.slack.com\/files-tmb\/TJ5RZJT52-F07EET6PZR7-ad1255ebd4\/screenshot_2024-07-25-17-28-53-621_com.discord_160.jpg?t=xoxe-617883639172-7478875690773-7481774584498-d563a14196f2b659c195186b8ee3409c",
                "thumb_720": "https:\/\/files.slack.com\/files-tmb\/TJ5RZJT52-F07EET6PZR7-ad1255ebd4\/screenshot_2024-07-25-17-28-53-621_com.discord_720.jpg?t=xoxe-617883639172-7478875690773-7481774584498-d563a14196f2b659c195186b8ee3409c",
                "thumb_720_w": 324,
                "thumb_720_h": 720,
                "thumb_800": "https:\/\/files.slack.com\/files-tmb\/TJ5RZJT52-F07EET6PZR7-ad1255ebd4\/screenshot_2024-07-25-17-28-53-621_com.discord_800.jpg?t=xoxe-617883639172-7478875690773-7481774584498-d563a14196f2b659c195186b8ee3409c",
                "thumb_800_w": 800,
                "thumb_800_h": 1778,
                "thumb_960": "https:\/\/files.slack.com\/files-tmb\/TJ5RZJT52-F07EET6PZR7-ad1255ebd4\/screenshot_2024-07-25-17-28-53-621_com.discord_960.jpg?t=xoxe-617883639172-7478875690773-7481774584498-d563a14196f2b659c195186b8ee3409c",
                "thumb_960_w": 432,
                "thumb_960_h": 960,
                "thumb_1024": "https:\/\/files.slack.com\/files-tmb\/TJ5RZJT52-F07EET6PZR7-ad1255ebd4\/screenshot_2024-07-25-17-28-53-621_com.discord_1024.jpg?t=xoxe-617883639172-7478875690773-7481774584498-d563a14196f2b659c195186b8ee3409c",
                "thumb_1024_w": 461,
                "thumb_1024_h": 1024,
                "original_w": 1080,
                "original_h": 2400,
                "thumb_tiny": "AwAwABWkAcUoFOB4wSKcNvqK3VhMbilxTuM8HNGKom5DRS7ip4J609i6gEjGe+a5yxIu9SUyLnOakxW0NjN7iLFuBOBSbB6U9cgYHenAU7CchAoHQUuKWimRc\/\/Z",
                "permalink": "https:\/\/whatscookinworkspace.slack.com\/files\/U068XMFG6UF\/F07EET6PZR7\/screenshot_2024-07-25-17-28-53-621_com.discord.jpg",
                "permalink_public": "https:\/\/slack-files.com\/TJ5RZJT52-F07EET6PZR7-0170dae069",
                "is_starred": false,
                "has_rich_preview": false,
                "file_access": "visible"
            }
        ],
        "upload": false,
        "user": "U068XMFG6UF",
        "display_as_bot": false,
        "blocks": [
            {
                "type": "rich_text",
                "block_id": "s5B\/H",
                "elements": [
                    {
                        "type": "rich_text_section",
                        "elements": [
                            {
                                "type": "text",
                                "text": "The link has expired"
                            }
                        ]
                    }
                ]
            }
        ],
        "type": "message",
        "ts": "1721919696.767669",
        "client_msg_id": "ff76a0b2-c690-410f-a624-d4b9432b3fa0"
    }
]