[
    {
        "user": "UHUUD9ERZ",
        "type": "message",
        "ts": "1721907964.634269",
        "client_msg_id": "705f985e-78a2-48fa-91c6-3f7b8bcdda40",
        "text": "also note if we want to attend the Ceramic discord stage later today (8am PT) its at\n<https:\/\/discord.gg\/CtavxFarvz> <@U053Y4130SH>, <@U04K1CLH77S> if you want to attend and ask some questions about using ceramic network to publish shared models, ask how others can find our reputation model that we publish, its this one <https:\/\/github.com\/Whats-Cookin\/trust_claim\/blob\/dev\/src\/composedb\/schemas\/trustclaims.graphql>\n`kjzl6hvfrbw6c7f8zr4bdyzfumj7hv7r9i7dbu57isrzezqjuetkum2885p9agc`\n<https:\/\/github.com\/Whats-Cookin\/trust_claim\/blob\/dev\/src\/composedb\/__generated__\/trustclaims.js>\n\nor anyone from LinkedTrust team.  You don't have to stay the whole time, but would be good for relationship building, usually the attendance is pretty small!",
        "team": "TJ5RZJT52",
        "user_team": "TJ5RZJT52",
        "source_team": "TJ5RZJT52",
        "user_profile": {
            "avatar_hash": "g74a16cb2b98",
            "image_72": "https:\/\/secure.gravatar.com\/avatar\/974a16cb2b98d51626c90922d272447e.jpg?s=72&d=https%3A%2F%2Fa.slack-edge.com%2Fdf10d%2Fimg%2Favatars%2Fava_0015-72.png",
            "first_name": "Golda",
            "real_name": "Golda Velez",
            "display_name": "",
            "team": "TJ5RZJT52",
            "name": "gvelez17",
            "is_restricted": false,
            "is_ultra_restricted": false
        },
        "thread_ts": "1721907964.634269",
        "reply_count": 14,
        "reply_users_count": 3,
        "latest_reply": "1721921363.341589",
        "reply_users": [
            "U053Y4130SH",
            "U068XMFG6UF",
            "UHUUD9ERZ"
        ],
        "replies": [
            {
                "user": "U053Y4130SH",
                "ts": "1721909174.915449"
            },
            {
                "user": "U068XMFG6UF",
                "ts": "1721917899.755759"
            },
            {
                "user": "U053Y4130SH",
                "ts": "1721920616.665139"
            },
            {
                "user": "UHUUD9ERZ",
                "ts": "1721920760.250359"
            },
            {
                "user": "UHUUD9ERZ",
                "ts": "1721920769.752899"
            },
            {
                "user": "UHUUD9ERZ",
                "ts": "1721921020.929969"
            },
            {
                "user": "UHUUD9ERZ",
                "ts": "1721921029.526139"
            },
            {
                "user": "U053Y4130SH",
                "ts": "1721921030.456669"
            },
            {
                "user": "U053Y4130SH",
                "ts": "1721921076.005369"
            },
            {
                "user": "UHUUD9ERZ",
                "ts": "1721921112.602949"
            },
            {
                "user": "UHUUD9ERZ",
                "ts": "1721921323.438469"
            },
            {
                "user": "UHUUD9ERZ",
                "ts": "1721921338.664049"
            },
            {
                "user": "U053Y4130SH",
                "ts": "1721921357.945909"
            },
            {
                "user": "U053Y4130SH",
                "ts": "1721921363.341589"
            }
        ],
        "is_locked": false,
        "subscribed": true,
        "last_read": "1721921363.341589",
        "attachments": [
            {
                "image_url": "https:\/\/cdn.discordapp.com\/assets\/og_img_discord_home.png",
                "image_width": 1200,
                "image_height": 630,
                "image_bytes": 889983,
                "from_url": "https:\/\/discord.gg\/CtavxFarvz",
                "id": 1,
                "original_url": "https:\/\/discord.gg\/CtavxFarvz",
                "fallback": "Discord: Discord - Group Chat That’s All Fun &amp; Games",
                "text": "Discord is great for playing games and chilling with friends, or even building a worldwide community. Customize your own space to talk, play, and hang out.",
                "title": "Discord - Group Chat That’s All Fun &amp; Games",
                "title_link": "https:\/\/discord.gg\/CtavxFarvz",
                "service_name": "Discord"
            },
            {
                "id": 2,
                "footer_icon": "https:\/\/slack.github.com\/static\/img\/favicon-neutral.png",
                "color": "24292f",
                "bot_id": "B021Z9YD003",
                "app_unfurl_url": "https:\/\/github.com\/Whats-Cookin\/trust_claim\/blob\/dev\/src\/composedb\/schemas\/trustclaims.graphql",
                "is_app_unfurl": true,
                "app_id": "A01BP7R4KNY",
                "fallback": "<https:\/\/github.com\/Whats-Cookin\/trust_claim\/blob\/dev\/src\/composedb\/schemas\/trustclaims.graphql | trustclaims.graphql>",
                "title": "<https:\/\/github.com\/Whats-Cookin\/trust_claim\/blob\/dev\/src\/composedb\/schemas\/trustclaims.graphql | trustclaims.graphql>",
                "footer": "<https:\/\/github.com\/Whats-Cookin\/trust_claim|Whats-Cookin\/trust_claim>",
                "mrkdwn_in": [
                    "text"
                ]
            },
            {
                "id": 3,
                "footer_icon": "https:\/\/slack.github.com\/static\/img\/favicon-neutral.png",
                "color": "24292f",
                "bot_id": "B021Z9YD003",
                "app_unfurl_url": "https:\/\/github.com\/Whats-Cookin\/trust_claim\/blob\/dev\/src\/composedb\/__generated__\/trustclaims.js",
                "is_app_unfurl": true,
                "app_id": "A01BP7R4KNY",
                "fallback": "<https:\/\/github.com\/Whats-Cookin\/trust_claim\/blob\/dev\/src\/composedb\/__generated__\/trustclaims.js | trustclaims.js>",
                "title": "<https:\/\/github.com\/Whats-Cookin\/trust_claim\/blob\/dev\/src\/composedb\/__generated__\/trustclaims.js | trustclaims.js>",
                "footer": "<https:\/\/github.com\/Whats-Cookin\/trust_claim|Whats-Cookin\/trust_claim>",
                "mrkdwn_in": [
                    "text"
                ]
            }
        ],
        "blocks": [
            {
                "type": "rich_text",
                "block_id": "nkmnu",
                "elements": [
                    {
                        "type": "rich_text_section",
                        "elements": [
                            {
                                "type": "text",
                                "text": "also note if we want to attend the Ceramic discord stage later today (8am PT) its at\n"
                            },
                            {
                                "type": "link",
                                "url": "https:\/\/discord.gg\/CtavxFarvz"
                            },
                            {
                                "type": "text",
                                "text": " "
                            },
                            {
                                "type": "user",
                                "user_id": "U053Y4130SH"
                            },
                            {
                                "type": "text",
                                "text": ", "
                            },
                            {
                                "type": "user",
                                "user_id": "U04K1CLH77S"
                            },
                            {
                                "type": "text",
                                "text": " if you want to attend and ask some questions about using ceramic network to publish shared models, ask how others can find our reputation model that we publish, its this one "
                            },
                            {
                                "type": "link",
                                "url": "https:\/\/github.com\/Whats-Cookin\/trust_claim\/blob\/dev\/src\/composedb\/schemas\/trustclaims.graphql"
                            },
                            {
                                "type": "text",
                                "text": "\n"
                            },
                            {
                                "type": "text",
                                "text": "kjzl6hvfrbw6c7f8zr4bdyzfumj7hv7r9i7dbu57isrzezqjuetkum2885p9agc",
                                "style": {
                                    "code": true
                                }
                            },
                            {
                                "type": "text",
                                "text": "\n"
                            },
                            {
                                "type": "link",
                                "url": "https:\/\/github.com\/Whats-Cookin\/trust_claim\/blob\/dev\/src\/composedb\/__generated__\/trustclaims.js"
                            },
                            {
                                "type": "text",
                                "text": "\n\nor anyone from LinkedTrust team.  You don't have to stay the whole time, but would be good for relationship building, usually the attendance is pretty small!"
                            }
                        ]
                    }
                ]
            }
        ]
    },
    {
        "user": "UHUUD9ERZ",
        "type": "message",
        "ts": "1721908639.632539",
        "client_msg_id": "2c27b263-aa6e-4488-a89d-32a5b17ad659",
        "text": "either \/ or :-)  feel free to grab more times.  we need to make progress on the different proposals, people can pair up or champion separately, as long as we get some more high quality ones in!",
        "team": "TJ5RZJT52",
        "user_team": "TJ5RZJT52",
        "source_team": "TJ5RZJT52",
        "user_profile": {
            "avatar_hash": "g74a16cb2b98",
            "image_72": "https:\/\/secure.gravatar.com\/avatar\/974a16cb2b98d51626c90922d272447e.jpg?s=72&d=https%3A%2F%2Fa.slack-edge.com%2Fdf10d%2Fimg%2Favatars%2Fava_0015-72.png",
            "first_name": "Golda",
            "real_name": "Golda Velez",
            "display_name": "",
            "team": "TJ5RZJT52",
            "name": "gvelez17",
            "is_restricted": false,
            "is_ultra_restricted": false
        },
        "thread_ts": "1721765413.426259",
        "parent_user_id": "UHUUD9ERZ",
        "blocks": [
            {
                "type": "rich_text",
                "block_id": "06Wvb",
                "elements": [
                    {
                        "type": "rich_text_section",
                        "elements": [
                            {
                                "type": "text",
                                "text": "either \/ or :-)  feel free to grab more times.  we need to make progress on the different proposals, people can pair up or champion separately, as long as we get some more high quality ones in!"
                            }
                        ]
                    }
                ]
            }
        ],
        "reactions": [
            {
                "name": "+1",
                "users": [
                    "U01G6KK5VNG"
                ],
                "count": 1
            },
            {
                "name": "+1::skin-tone-5",
                "users": [
                    "U053Y4130SH"
                ],
                "count": 1
            }
        ]
    },
    {
        "user": "U053Y4130SH",
        "type": "message",
        "ts": "1721908731.204799",
        "client_msg_id": "997ca799-dbd1-4769-bd69-4de486e06b46",
        "text": "SOrry about that, I will add yours to the next",
        "team": "TJ5RZJT52",
        "user_team": "TJ5RZJT52",
        "source_team": "TJ5RZJT52",
        "user_profile": {
            "avatar_hash": "de7de6b759df",
            "image_72": "https:\/\/avatars.slack-edge.com\/2023-04-20\/5144943877138_de7de6b759df457a2ed4_72.jpg",
            "first_name": "Orjiene",
            "real_name": "Orjiene Kenechukwu",
            "display_name": "spider-man",
            "team": "TJ5RZJT52",
            "name": "orjienekenechukwu",
            "is_restricted": false,
            "is_ultra_restricted": false
        },
        "thread_ts": "1721751533.998879",
        "parent_user_id": "U053Y4130SH",
        "blocks": [
            {
                "type": "rich_text",
                "block_id": "T1M8b",
                "elements": [
                    {
                        "type": "rich_text_section",
                        "elements": [
                            {
                                "type": "text",
                                "text": "SOrry about that, I will add yours to the next"
                            }
                        ]
                    }
                ]
            }
        ]
    },
    {
        "user": "U053Y4130SH",
        "type": "message",
        "ts": "1721908837.629029",
        "client_msg_id": "8eaa6575-e75c-49af-b652-459ac5c4ccfe",
        "text": "great",
        "team": "TJ5RZJT52",
        "user_team": "TJ5RZJT52",
        "source_team": "TJ5RZJT52",
        "user_profile": {
            "avatar_hash": "de7de6b759df",
            "image_72": "https:\/\/avatars.slack-edge.com\/2023-04-20\/5144943877138_de7de6b759df457a2ed4_72.jpg",
            "first_name": "Orjiene",
            "real_name": "Orjiene Kenechukwu",
            "display_name": "spider-man",
            "team": "TJ5RZJT52",
            "name": "orjienekenechukwu",
            "is_restricted": false,
            "is_ultra_restricted": false
        },
        "thread_ts": "1721765413.426259",
        "parent_user_id": "UHUUD9ERZ",
        "blocks": [
            {
                "type": "rich_text",
                "block_id": "2RTVR",
                "elements": [
                    {
                        "type": "rich_text_section",
                        "elements": [
                            {
                                "type": "text",
                                "text": "great"
                            }
                        ]
                    }
                ]
            }
        ]
    },
    {
        "user": "U053Y4130SH",
        "type": "message",
        "ts": "1721909174.915449",
        "client_msg_id": "78cf4ef9-b24e-469a-9b85-343159e3435e",
        "text": "I will check the discord channel. Please can you share the channel this is on",
        "team": "TJ5RZJT52",
        "user_team": "TJ5RZJT52",
        "source_team": "TJ5RZJT52",
        "user_profile": {
            "avatar_hash": "de7de6b759df",
            "image_72": "https:\/\/avatars.slack-edge.com\/2023-04-20\/5144943877138_de7de6b759df457a2ed4_72.jpg",
            "first_name": "Orjiene",
            "real_name": "Orjiene Kenechukwu",
            "display_name": "spider-man",
            "team": "TJ5RZJT52",
            "name": "orjienekenechukwu",
            "is_restricted": false,
            "is_ultra_restricted": false
        },
        "thread_ts": "1721907964.634269",
        "parent_user_id": "UHUUD9ERZ",
        "blocks": [
            {
                "type": "rich_text",
                "block_id": "4\/9Ca",
                "elements": [
                    {
                        "type": "rich_text_section",
                        "elements": [
                            {
                                "type": "text",
                                "text": "I will check the discord channel. Please can you share the channel this is on"
                            }
                        ]
                    }
                ]
            }
        ]
    },
    {
        "text": "The link has expired, how could I fix that?",
        "files": [
            {
                "id": "F07E213GDAN",
                "created": 1721917795,
                "timestamp": 1721917795,
                "name": "Screenshot_2024-07-25-17-28-53-621_com.discord.jpg",
                "title": "Screenshot_2024-07-25-17-28-53-621_com.discord.jpg",
                "mimetype": "image\/jpeg",
                "filetype": "jpg",
                "pretty_type": "JPEG",
                "user": "U068XMFG6UF",
                "user_team": "TJ5RZJT52",
                "editable": false,
                "size": 53554,
                "mode": "hosted",
                "is_external": false,
                "external_type": "",
                "is_public": true,
                "public_url_shared": false,
                "display_as_bot": false,
                "username": "",
                "url_private": "https:\/\/files.slack.com\/files-pri\/TJ5RZJT52-F07E213GDAN\/screenshot_2024-07-25-17-28-53-621_com.discord.jpg?t=xoxe-617883639172-7478875690773-7481774584498-d563a14196f2b659c195186b8ee3409c",
                "url_private_download": "https:\/\/files.slack.com\/files-pri\/TJ5RZJT52-F07E213GDAN\/download\/screenshot_2024-07-25-17-28-53-621_com.discord.jpg?t=xoxe-617883639172-7478875690773-7481774584498-d563a14196f2b659c195186b8ee3409c",
                "media_display_type": "unknown",
                "thumb_64": "https:\/\/files.slack.com\/files-tmb\/TJ5RZJT52-F07E213GDAN-04b1a1b80a\/screenshot_2024-07-25-17-28-53-621_com.discord_64.jpg?t=xoxe-617883639172-7478875690773-7481774584498-d563a14196f2b659c195186b8ee3409c",
                "thumb_80": "https:\/\/files.slack.com\/files-tmb\/TJ5RZJT52-F07E213GDAN-04b1a1b80a\/screenshot_2024-07-25-17-28-53-621_com.discord_80.jpg?t=xoxe-617883639172-7478875690773-7481774584498-d563a14196f2b659c195186b8ee3409c",
                "thumb_360": "https:\/\/files.slack.com\/files-tmb\/TJ5RZJT52-F07E213GDAN-04b1a1b80a\/screenshot_2024-07-25-17-28-53-621_com.discord_360.jpg?t=xoxe-617883639172-7478875690773-7481774584498-d563a14196f2b659c195186b8ee3409c",
                "thumb_360_w": 162,
                "thumb_360_h": 360,
                "thumb_480": "https:\/\/files.slack.com\/files-tmb\/TJ5RZJT52-F07E213GDAN-04b1a1b80a\/screenshot_2024-07-25-17-28-53-621_com.discord_480.jpg?t=xoxe-617883639172-7478875690773-7481774584498-d563a14196f2b659c195186b8ee3409c",
                "thumb_480_w": 216,
                "thumb_480_h": 480,
                "thumb_160": "https:\/\/files.slack.com\/files-tmb\/TJ5RZJT52-F07E213GDAN-04b1a1b80a\/screenshot_2024-07-25-17-28-53-621_com.discord_160.jpg?t=xoxe-617883639172-7478875690773-7481774584498-d563a14196f2b659c195186b8ee3409c",
                "thumb_720": "https:\/\/files.slack.com\/files-tmb\/TJ5RZJT52-F07E213GDAN-04b1a1b80a\/screenshot_2024-07-25-17-28-53-621_com.discord_720.jpg?t=xoxe-617883639172-7478875690773-7481774584498-d563a14196f2b659c195186b8ee3409c",
                "thumb_720_w": 324,
                "thumb_720_h": 720,
                "thumb_800": "https:\/\/files.slack.com\/files-tmb\/TJ5RZJT52-F07E213GDAN-04b1a1b80a\/screenshot_2024-07-25-17-28-53-621_com.discord_800.jpg?t=xoxe-617883639172-7478875690773-7481774584498-d563a14196f2b659c195186b8ee3409c",
                "thumb_800_w": 800,
                "thumb_800_h": 1778,
                "thumb_960": "https:\/\/files.slack.com\/files-tmb\/TJ5RZJT52-F07E213GDAN-04b1a1b80a\/screenshot_2024-07-25-17-28-53-621_com.discord_960.jpg?t=xoxe-617883639172-7478875690773-7481774584498-d563a14196f2b659c195186b8ee3409c",
                "thumb_960_w": 432,
                "thumb_960_h": 960,
                "thumb_1024": "https:\/\/files.slack.com\/files-tmb\/TJ5RZJT52-F07E213GDAN-04b1a1b80a\/screenshot_2024-07-25-17-28-53-621_com.discord_1024.jpg?t=xoxe-617883639172-7478875690773-7481774584498-d563a14196f2b659c195186b8ee3409c",
                "thumb_1024_w": 461,
                "thumb_1024_h": 1024,
                "original_w": 1080,
                "original_h": 2400,
                "thumb_tiny": "AwAwABWkAcUoFOB4wSKcNvqK3VhMbilxTuM8HNGKom5DRS7ip4J609i6gEjGe+a5yxIu9SUyLnOakxW0NjN7iLFuBOBSbB6U9cgYHenAU7CchAoHQUuKWimRc\/\/Z",
                "permalink": "https:\/\/whatscookinworkspace.slack.com\/files\/U068XMFG6UF\/F07E213GDAN\/screenshot_2024-07-25-17-28-53-621_com.discord.jpg",
                "permalink_public": "https:\/\/slack-files.com\/TJ5RZJT52-F07E213GDAN-f28d4ba7de",
                "is_starred": false,
                "has_rich_preview": false,
                "file_access": "visible"
            }
        ],
        "upload": false,
        "user": "U068XMFG6UF",
        "display_as_bot": false,
        "blocks": [
            {
                "type": "rich_text",
                "block_id": "drOJv",
                "elements": [
                    {
                        "type": "rich_text_section",
                        "elements": [
                            {
                                "type": "text",
                                "text": "The link has expired, how could I fix that?"
                            }
                        ]
                    }
                ]
            }
        ],
        "subtype": "thread_broadcast",
        "root": {
            "user": "UHUUD9ERZ",
            "type": "message",
            "ts": "1721907964.634269",
            "client_msg_id": "705f985e-78a2-48fa-91c6-3f7b8bcdda40",
            "text": "also note if we want to attend the Ceramic discord stage later today (8am PT) its at\n<https:\/\/discord.gg\/CtavxFarvz> <@U053Y4130SH>, <@U04K1CLH77S> if you want to attend and ask some questions about using ceramic network to publish shared models, ask how others can find our reputation model that we publish, its this one <https:\/\/github.com\/Whats-Cookin\/trust_claim\/blob\/dev\/src\/composedb\/schemas\/trustclaims.graphql>\n`kjzl6hvfrbw6c7f8zr4bdyzfumj7hv7r9i7dbu57isrzezqjuetkum2885p9agc`\n<https:\/\/github.com\/Whats-Cookin\/trust_claim\/blob\/dev\/src\/composedb\/__generated__\/trustclaims.js>\n\nor anyone from LinkedTrust team.  You don't have to stay the whole time, but would be good for relationship building, usually the attendance is pretty small!",
            "team": "TJ5RZJT52",
            "thread_ts": "1721907964.634269",
            "reply_count": 14,
            "reply_users_count": 3,
            "latest_reply": "1721921363.341589",
            "reply_users": [
                "U053Y4130SH",
                "U068XMFG6UF",
                "UHUUD9ERZ"
            ],
            "replies": [
                {
                    "user": "U053Y4130SH",
                    "ts": "1721909174.915449"
                },
                {
                    "user": "U068XMFG6UF",
                    "ts": "1721917899.755759"
                },
                {
                    "user": "U053Y4130SH",
                    "ts": "1721920616.665139"
                },
                {
                    "user": "UHUUD9ERZ",
                    "ts": "1721920760.250359"
                },
                {
                    "user": "UHUUD9ERZ",
                    "ts": "1721920769.752899"
                },
                {
                    "user": "UHUUD9ERZ",
                    "ts": "1721921020.929969"
                },
                {
                    "user": "UHUUD9ERZ",
                    "ts": "1721921029.526139"
                },
                {
                    "user": "U053Y4130SH",
                    "ts": "1721921030.456669"
                },
                {
                    "user": "U053Y4130SH",
                    "ts": "1721921076.005369"
                },
                {
                    "user": "UHUUD9ERZ",
                    "ts": "1721921112.602949"
                },
                {
                    "user": "UHUUD9ERZ",
                    "ts": "1721921323.438469"
                },
                {
                    "user": "UHUUD9ERZ",
                    "ts": "1721921338.664049"
                },
                {
                    "user": "U053Y4130SH",
                    "ts": "1721921357.945909"
                },
                {
                    "user": "U053Y4130SH",
                    "ts": "1721921363.341589"
                }
            ],
            "is_locked": false,
            "subscribed": true,
            "last_read": "1721921363.341589",
            "attachments": [
                {
                    "image_url": "https:\/\/cdn.discordapp.com\/assets\/og_img_discord_home.png",
                    "image_width": 1200,
                    "image_height": 630,
                    "image_bytes": 889983,
                    "from_url": "https:\/\/discord.gg\/CtavxFarvz",
                    "id": 1,
                    "original_url": "https:\/\/discord.gg\/CtavxFarvz",
                    "fallback": "Discord: Discord - Group Chat That’s All Fun &amp; Games",
                    "text": "Discord is great for playing games and chilling with friends, or even building a worldwide community. Customize your own space to talk, play, and hang out.",
                    "title": "Discord - Group Chat That’s All Fun &amp; Games",
                    "title_link": "https:\/\/discord.gg\/CtavxFarvz",
                    "service_name": "Discord"
                },
                {
                    "id": 2,
                    "footer_icon": "https:\/\/slack.github.com\/static\/img\/favicon-neutral.png",
                    "color": "24292f",
                    "bot_id": "B021Z9YD003",
                    "app_unfurl_url": "https:\/\/github.com\/Whats-Cookin\/trust_claim\/blob\/dev\/src\/composedb\/schemas\/trustclaims.graphql",
                    "is_app_unfurl": true,
                    "app_id": "A01BP7R4KNY",
                    "fallback": "<https:\/\/github.com\/Whats-Cookin\/trust_claim\/blob\/dev\/src\/composedb\/schemas\/trustclaims.graphql | trustclaims.graphql>",
                    "title": "<https:\/\/github.com\/Whats-Cookin\/trust_claim\/blob\/dev\/src\/composedb\/schemas\/trustclaims.graphql | trustclaims.graphql>",
                    "footer": "<https:\/\/github.com\/Whats-Cookin\/trust_claim|Whats-Cookin\/trust_claim>",
                    "mrkdwn_in": [
                        "text"
                    ]
                },
                {
                    "id": 3,
                    "footer_icon": "https:\/\/slack.github.com\/static\/img\/favicon-neutral.png",
                    "color": "24292f",
                    "bot_id": "B021Z9YD003",
                    "app_unfurl_url": "https:\/\/github.com\/Whats-Cookin\/trust_claim\/blob\/dev\/src\/composedb\/__generated__\/trustclaims.js",
                    "is_app_unfurl": true,
                    "app_id": "A01BP7R4KNY",
                    "fallback": "<https:\/\/github.com\/Whats-Cookin\/trust_claim\/blob\/dev\/src\/composedb\/__generated__\/trustclaims.js | trustclaims.js>",
                    "title": "<https:\/\/github.com\/Whats-Cookin\/trust_claim\/blob\/dev\/src\/composedb\/__generated__\/trustclaims.js | trustclaims.js>",
                    "footer": "<https:\/\/github.com\/Whats-Cookin\/trust_claim|Whats-Cookin\/trust_claim>",
                    "mrkdwn_in": [
                        "text"
                    ]
                }
            ],
            "blocks": [
                {
                    "type": "rich_text",
                    "block_id": "nkmnu",
                    "elements": [
                        {
                            "type": "rich_text_section",
                            "elements": [
                                {
                                    "type": "text",
                                    "text": "also note if we want to attend the Ceramic discord stage later today (8am PT) its at\n"
                                },
                                {
                                    "type": "link",
                                    "url": "https:\/\/discord.gg\/CtavxFarvz"
                                },
                                {
                                    "type": "text",
                                    "text": " "
                                },
                                {
                                    "type": "user",
                                    "user_id": "U053Y4130SH"
                                },
                                {
                                    "type": "text",
                                    "text": ", "
                                },
                                {
                                    "type": "user",
                                    "user_id": "U04K1CLH77S"
                                },
                                {
                                    "type": "text",
                                    "text": " if you want to attend and ask some questions about using ceramic network to publish shared models, ask how others can find our reputation model that we publish, its this one "
                                },
                                {
                                    "type": "link",
                                    "url": "https:\/\/github.com\/Whats-Cookin\/trust_claim\/blob\/dev\/src\/composedb\/schemas\/trustclaims.graphql"
                                },
                                {
                                    "type": "text",
                                    "text": "\n"
                                },
                                {
                                    "type": "text",
                                    "text": "kjzl6hvfrbw6c7f8zr4bdyzfumj7hv7r9i7dbu57isrzezqjuetkum2885p9agc",
                                    "style": {
                                        "code": true
                                    }
                                },
                                {
                                    "type": "text",
                                    "text": "\n"
                                },
                                {
                                    "type": "link",
                                    "url": "https:\/\/github.com\/Whats-Cookin\/trust_claim\/blob\/dev\/src\/composedb\/__generated__\/trustclaims.js"
                                },
                                {
                                    "type": "text",
                                    "text": "\n\nor anyone from LinkedTrust team.  You don't have to stay the whole time, but would be good for relationship building, usually the attendance is pretty small!"
                                }
                            ]
                        }
                    ]
                }
            ]
        },
        "type": "message",
        "ts": "1721917899.755759",
        "client_msg_id": "bd3ff297-3791-490f-a716-8ab4f1eaaf58",
        "thread_ts": "1721907964.634269",
        "parent_user_id": "UHUUD9ERZ"
    },
    {
        "subtype": "thread_broadcast",
        "user": "U053Y4130SH",
        "thread_ts": "1721907964.634269",
        "root": {
            "user": "UHUUD9ERZ",
            "type": "message",
            "ts": "1721907964.634269",
            "client_msg_id": "705f985e-78a2-48fa-91c6-3f7b8bcdda40",
            "text": "also note if we want to attend the Ceramic discord stage later today (8am PT) its at\n<https:\/\/discord.gg\/CtavxFarvz> <@U053Y4130SH>, <@U04K1CLH77S> if you want to attend and ask some questions about using ceramic network to publish shared models, ask how others can find our reputation model that we publish, its this one <https:\/\/github.com\/Whats-Cookin\/trust_claim\/blob\/dev\/src\/composedb\/schemas\/trustclaims.graphql>\n`kjzl6hvfrbw6c7f8zr4bdyzfumj7hv7r9i7dbu57isrzezqjuetkum2885p9agc`\n<https:\/\/github.com\/Whats-Cookin\/trust_claim\/blob\/dev\/src\/composedb\/__generated__\/trustclaims.js>\n\nor anyone from LinkedTrust team.  You don't have to stay the whole time, but would be good for relationship building, usually the attendance is pretty small!",
            "team": "TJ5RZJT52",
            "thread_ts": "1721907964.634269",
            "reply_count": 14,
            "reply_users_count": 3,
            "latest_reply": "1721921363.341589",
            "reply_users": [
                "U053Y4130SH",
                "U068XMFG6UF",
                "UHUUD9ERZ"
            ],
            "replies": [
                {
                    "user": "U053Y4130SH",
                    "ts": "1721909174.915449"
                },
                {
                    "user": "U068XMFG6UF",
                    "ts": "1721917899.755759"
                },
                {
                    "user": "U053Y4130SH",
                    "ts": "1721920616.665139"
                },
                {
                    "user": "UHUUD9ERZ",
                    "ts": "1721920760.250359"
                },
                {
                    "user": "UHUUD9ERZ",
                    "ts": "1721920769.752899"
                },
                {
                    "user": "UHUUD9ERZ",
                    "ts": "1721921020.929969"
                },
                {
                    "user": "UHUUD9ERZ",
                    "ts": "1721921029.526139"
                },
                {
                    "user": "U053Y4130SH",
                    "ts": "1721921030.456669"
                },
                {
                    "user": "U053Y4130SH",
                    "ts": "1721921076.005369"
                },
                {
                    "user": "UHUUD9ERZ",
                    "ts": "1721921112.602949"
                },
                {
                    "user": "UHUUD9ERZ",
                    "ts": "1721921323.438469"
                },
                {
                    "user": "UHUUD9ERZ",
                    "ts": "1721921338.664049"
                },
                {
                    "user": "U053Y4130SH",
                    "ts": "1721921357.945909"
                },
                {
                    "user": "U053Y4130SH",
                    "ts": "1721921363.341589"
                }
            ],
            "is_locked": false,
            "subscribed": true,
            "last_read": "1721921363.341589",
            "attachments": [
                {
                    "image_url": "https:\/\/cdn.discordapp.com\/assets\/og_img_discord_home.png",
                    "image_width": 1200,
                    "image_height": 630,
                    "image_bytes": 889983,
                    "from_url": "https:\/\/discord.gg\/CtavxFarvz",
                    "id": 1,
                    "original_url": "https:\/\/discord.gg\/CtavxFarvz",
                    "fallback": "Discord: Discord - Group Chat That’s All Fun &amp; Games",
                    "text": "Discord is great for playing games and chilling with friends, or even building a worldwide community. Customize your own space to talk, play, and hang out.",
                    "title": "Discord - Group Chat That’s All Fun &amp; Games",
                    "title_link": "https:\/\/discord.gg\/CtavxFarvz",
                    "service_name": "Discord"
                },
                {
                    "id": 2,
                    "footer_icon": "https:\/\/slack.github.com\/static\/img\/favicon-neutral.png",
                    "color": "24292f",
                    "bot_id": "B021Z9YD003",
                    "app_unfurl_url": "https:\/\/github.com\/Whats-Cookin\/trust_claim\/blob\/dev\/src\/composedb\/schemas\/trustclaims.graphql",
                    "is_app_unfurl": true,
                    "app_id": "A01BP7R4KNY",
                    "fallback": "<https:\/\/github.com\/Whats-Cookin\/trust_claim\/blob\/dev\/src\/composedb\/schemas\/trustclaims.graphql | trustclaims.graphql>",
                    "title": "<https:\/\/github.com\/Whats-Cookin\/trust_claim\/blob\/dev\/src\/composedb\/schemas\/trustclaims.graphql | trustclaims.graphql>",
                    "footer": "<https:\/\/github.com\/Whats-Cookin\/trust_claim|Whats-Cookin\/trust_claim>",
                    "mrkdwn_in": [
                        "text"
                    ]
                },
                {
                    "id": 3,
                    "footer_icon": "https:\/\/slack.github.com\/static\/img\/favicon-neutral.png",
                    "color": "24292f",
                    "bot_id": "B021Z9YD003",
                    "app_unfurl_url": "https:\/\/github.com\/Whats-Cookin\/trust_claim\/blob\/dev\/src\/composedb\/__generated__\/trustclaims.js",
                    "is_app_unfurl": true,
                    "app_id": "A01BP7R4KNY",
                    "fallback": "<https:\/\/github.com\/Whats-Cookin\/trust_claim\/blob\/dev\/src\/composedb\/__generated__\/trustclaims.js | trustclaims.js>",
                    "title": "<https:\/\/github.com\/Whats-Cookin\/trust_claim\/blob\/dev\/src\/composedb\/__generated__\/trustclaims.js | trustclaims.js>",
                    "footer": "<https:\/\/github.com\/Whats-Cookin\/trust_claim|Whats-Cookin\/trust_claim>",
                    "mrkdwn_in": [
                        "text"
                    ]
                }
            ],
            "blocks": [
                {
                    "type": "rich_text",
                    "block_id": "nkmnu",
                    "elements": [
                        {
                            "type": "rich_text_section",
                            "elements": [
                                {
                                    "type": "text",
                                    "text": "also note if we want to attend the Ceramic discord stage later today (8am PT) its at\n"
                                },
                                {
                                    "type": "link",
                                    "url": "https:\/\/discord.gg\/CtavxFarvz"
                                },
                                {
                                    "type": "text",
                                    "text": " "
                                },
                                {
                                    "type": "user",
                                    "user_id": "U053Y4130SH"
                                },
                                {
                                    "type": "text",
                                    "text": ", "
                                },
                                {
                                    "type": "user",
                                    "user_id": "U04K1CLH77S"
                                },
                                {
                                    "type": "text",
                                    "text": " if you want to attend and ask some questions about using ceramic network to publish shared models, ask how others can find our reputation model that we publish, its this one "
                                },
                                {
                                    "type": "link",
                                    "url": "https:\/\/github.com\/Whats-Cookin\/trust_claim\/blob\/dev\/src\/composedb\/schemas\/trustclaims.graphql"
                                },
                                {
                                    "type": "text",
                                    "text": "\n"
                                },
                                {
                                    "type": "text",
                                    "text": "kjzl6hvfrbw6c7f8zr4bdyzfumj7hv7r9i7dbu57isrzezqjuetkum2885p9agc",
                                    "style": {
                                        "code": true
                                    }
                                },
                                {
                                    "type": "text",
                                    "text": "\n"
                                },
                                {
                                    "type": "link",
                                    "url": "https:\/\/github.com\/Whats-Cookin\/trust_claim\/blob\/dev\/src\/composedb\/__generated__\/trustclaims.js"
                                },
                                {
                                    "type": "text",
                                    "text": "\n\nor anyone from LinkedTrust team.  You don't have to stay the whole time, but would be good for relationship building, usually the attendance is pretty small!"
                                }
                            ]
                        }
                    ]
                }
            ]
        },
        "type": "message",
        "ts": "1721920616.665139",
        "client_msg_id": "d6e86736-ffaf-46c1-9538-1b536f2a03e8",
        "text": "Use this <@U068XMFG6UF> <https:\/\/discord.com\/invite\/ceramic>",
        "blocks": [
            {
                "type": "rich_text",
                "block_id": "NR3Yy",
                "elements": [
                    {
                        "type": "rich_text_section",
                        "elements": [
                            {
                                "type": "text",
                                "text": "Use this "
                            },
                            {
                                "type": "user",
                                "user_id": "U068XMFG6UF"
                            },
                            {
                                "type": "text",
                                "text": " "
                            },
                            {
                                "type": "link",
                                "url": "https:\/\/discord.com\/invite\/ceramic"
                            }
                        ]
                    }
                ]
            }
        ],
        "reactions": [
            {
                "name": "pray",
                "users": [
                    "U068XMFG6UF"
                ],
                "count": 1
            }
        ]
    },
    {
        "user": "UHUUD9ERZ",
        "type": "message",
        "ts": "1721920760.250359",
        "client_msg_id": "a6324acf-97c2-44db-a53a-c0ca60382efc",
        "text": "oh sorry <@U053Y4130SH> and <@U068XMFG6UF> and all - its on my calendar but no one started the discord stage!  sorry about that.  it would be like <https:\/\/discord.gg\/eu9vYBVy> on the stage but it is not started!",
        "team": "TJ5RZJT52",
        "user_team": "TJ5RZJT52",
        "source_team": "TJ5RZJT52",
        "user_profile": {
            "avatar_hash": "g74a16cb2b98",
            "image_72": "https:\/\/secure.gravatar.com\/avatar\/974a16cb2b98d51626c90922d272447e.jpg?s=72&d=https%3A%2F%2Fa.slack-edge.com%2Fdf10d%2Fimg%2Favatars%2Fava_0015-72.png",
            "first_name": "Golda",
            "real_name": "Golda Velez",
            "display_name": "",
            "team": "TJ5RZJT52",
            "name": "gvelez17",
            "is_restricted": false,
            "is_ultra_restricted": false
        },
        "thread_ts": "1721907964.634269",
        "parent_user_id": "UHUUD9ERZ",
        "attachments": [
            {
                "from_url": "https:\/\/discord.gg\/eu9vYBVy",
                "image_url": "https:\/\/cdn.discordapp.com\/splashes\/682786569857662976\/d31a138dadbc11a92488ad7d2498f7fa.jpg?size=512",
                "image_width": 512,
                "image_height": 288,
                "image_bytes": 16863,
                "id": 1,
                "original_url": "https:\/\/discord.gg\/eu9vYBVy",
                "fallback": "Discord: Join the Ceramic Discord Server!",
                "text": "Ceramic is an open source, community-driven protocol for building decentralized data applications. | 17265 members",
                "title": "Join the Ceramic Discord Server!",
                "title_link": "https:\/\/discord.gg\/eu9vYBVy",
                "service_name": "Discord"
            }
        ],
        "blocks": [
            {
                "type": "rich_text",
                "block_id": "dgjv7",
                "elements": [
                    {
                        "type": "rich_text_section",
                        "elements": [
                            {
                                "type": "text",
                                "text": "oh sorry "
                            },
                            {
                                "type": "user",
                                "user_id": "U053Y4130SH"
                            },
                            {
                                "type": "text",
                                "text": " and "
                            },
                            {
                                "type": "user",
                                "user_id": "U068XMFG6UF"
                            },
                            {
                                "type": "text",
                                "text": " and all - its on my calendar but no one started the discord stage!  sorry about that.  it would be like "
                            },
                            {
                                "type": "link",
                                "url": "https:\/\/discord.gg\/eu9vYBVy"
                            },
                            {
                                "type": "text",
                                "text": " on the stage but it is not started!"
                            }
                        ]
                    }
                ]
            }
        ]
    },
    {
        "user": "UHUUD9ERZ",
        "type": "message",
        "ts": "1721920769.752899",
        "client_msg_id": "f0a372fc-e4fb-448e-aec6-c431d33470eb",
        "text": "never mind for now i think",
        "team": "TJ5RZJT52",
        "user_team": "TJ5RZJT52",
        "source_team": "TJ5RZJT52",
        "user_profile": {
            "avatar_hash": "g74a16cb2b98",
            "image_72": "https:\/\/secure.gravatar.com\/avatar\/974a16cb2b98d51626c90922d272447e.jpg?s=72&d=https%3A%2F%2Fa.slack-edge.com%2Fdf10d%2Fimg%2Favatars%2Fava_0015-72.png",
            "first_name": "Golda",
            "real_name": "Golda Velez",
            "display_name": "",
            "team": "TJ5RZJT52",
            "name": "gvelez17",
            "is_restricted": false,
            "is_ultra_restricted": false
        },
        "thread_ts": "1721907964.634269",
        "parent_user_id": "UHUUD9ERZ",
        "blocks": [
            {
                "type": "rich_text",
                "block_id": "05qB5",
                "elements": [
                    {
                        "type": "rich_text_section",
                        "elements": [
                            {
                                "type": "text",
                                "text": "never mind for now i think"
                            }
                        ]
                    }
                ]
            }
        ]
    },
    {
        "user": "UHUUD9ERZ",
        "type": "message",
        "ts": "1721921020.929969",
        "client_msg_id": "d84e97d2-ce8f-46b2-975d-5b27e5780211",
        "text": "ah i had the time wrong, it was 1 hour earlier than i thought, sorry guys!",
        "team": "TJ5RZJT52",
        "user_team": "TJ5RZJT52",
        "source_team": "TJ5RZJT52",
        "user_profile": {
            "avatar_hash": "g74a16cb2b98",
            "image_72": "https:\/\/secure.gravatar.com\/avatar\/974a16cb2b98d51626c90922d272447e.jpg?s=72&d=https%3A%2F%2Fa.slack-edge.com%2Fdf10d%2Fimg%2Favatars%2Fava_0015-72.png",
            "first_name": "Golda",
            "real_name": "Golda Velez",
            "display_name": "",
            "team": "TJ5RZJT52",
            "name": "gvelez17",
            "is_restricted": false,
            "is_ultra_restricted": false
        },
        "thread_ts": "1721907964.634269",
        "parent_user_id": "UHUUD9ERZ",
        "blocks": [
            {
                "type": "rich_text",
                "block_id": "h8Nxb",
                "elements": [
                    {
                        "type": "rich_text_section",
                        "elements": [
                            {
                                "type": "text",
                                "text": "ah i had the time wrong, it was 1 hour earlier than i thought, sorry guys!"
                            }
                        ]
                    }
                ]
            }
        ]
    },
    {
        "user": "UHUUD9ERZ",
        "type": "message",
        "ts": "1721921029.526139",
        "client_msg_id": "c5903b0b-cf93-448a-a786-d2febf92045c",
        "text": "in 2 weeks there will be another one, let me put a copy on our calendar in case we want",
        "team": "TJ5RZJT52",
        "user_team": "TJ5RZJT52",
        "source_team": "TJ5RZJT52",
        "user_profile": {
            "avatar_hash": "g74a16cb2b98",
            "image_72": "https:\/\/secure.gravatar.com\/avatar\/974a16cb2b98d51626c90922d272447e.jpg?s=72&d=https%3A%2F%2Fa.slack-edge.com%2Fdf10d%2Fimg%2Favatars%2Fava_0015-72.png",
            "first_name": "Golda",
            "real_name": "Golda Velez",
            "display_name": "",
            "team": "TJ5RZJT52",
            "name": "gvelez17",
            "is_restricted": false,
            "is_ultra_restricted": false
        },
        "thread_ts": "1721907964.634269",
        "parent_user_id": "UHUUD9ERZ",
        "blocks": [
            {
                "type": "rich_text",
                "block_id": "fezvP",
                "elements": [
                    {
                        "type": "rich_text_section",
                        "elements": [
                            {
                                "type": "text",
                                "text": "in 2 weeks there will be another one, let me put a copy on our calendar in case we want"
                            }
                        ]
                    }
                ]
            }
        ]
    },
    {
        "user": "U053Y4130SH",
        "type": "message",
        "ts": "1721921030.456669",
        "edited": {
            "user": "U053Y4130SH",
            "ts": "1721921036.000000"
        },
        "client_msg_id": "6e991cdc-695b-4b26-9927-a94d39d0e7c1",
        "text": "I keep having server permission issues",
        "team": "TJ5RZJT52",
        "user_team": "TJ5RZJT52",
        "source_team": "TJ5RZJT52",
        "user_profile": {
            "avatar_hash": "de7de6b759df",
            "image_72": "https:\/\/avatars.slack-edge.com\/2023-04-20\/5144943877138_de7de6b759df457a2ed4_72.jpg",
            "first_name": "Orjiene",
            "real_name": "Orjiene Kenechukwu",
            "display_name": "spider-man",
            "team": "TJ5RZJT52",
            "name": "orjienekenechukwu",
            "is_restricted": false,
            "is_ultra_restricted": false
        },
        "thread_ts": "1721907964.634269",
        "parent_user_id": "UHUUD9ERZ",
        "blocks": [
            {
                "type": "rich_text",
                "block_id": "P7X+n",
                "elements": [
                    {
                        "type": "rich_text_section",
                        "elements": [
                            {
                                "type": "text",
                                "text": "I keep having server permission issues"
                            }
                        ]
                    }
                ]
            }
        ]
    },
    {
        "text": "",
        "files": [
            {
                "id": "F07ER5ZJK24",
                "created": 1721921067,
                "timestamp": 1721921067,
                "name": "Screen Shot 2024-07-25 at 4.24.03 PM.png",
                "title": "Screen Shot 2024-07-25 at 4.24.03 PM.png",
                "mimetype": "image\/png",
                "filetype": "png",
                "pretty_type": "PNG",
                "user": "U053Y4130SH",
                "user_team": "TJ5RZJT52",
                "editable": false,
                "size": 769371,
                "mode": "hosted",
                "is_external": false,
                "external_type": "",
                "is_public": true,
                "public_url_shared": false,
                "display_as_bot": false,
                "username": "",
                "url_private": "https:\/\/files.slack.com\/files-pri\/TJ5RZJT52-F07ER5ZJK24\/screen_shot_2024-07-25_at_4.24.03_pm.png?t=xoxe-617883639172-7478875690773-7481774584498-d563a14196f2b659c195186b8ee3409c",
                "url_private_download": "https:\/\/files.slack.com\/files-pri\/TJ5RZJT52-F07ER5ZJK24\/download\/screen_shot_2024-07-25_at_4.24.03_pm.png?t=xoxe-617883639172-7478875690773-7481774584498-d563a14196f2b659c195186b8ee3409c",
                "media_display_type": "unknown",
                "thumb_64": "https:\/\/files.slack.com\/files-tmb\/TJ5RZJT52-F07ER5ZJK24-78aa816365\/screen_shot_2024-07-25_at_4.24.03_pm_64.png?t=xoxe-617883639172-7478875690773-7481774584498-d563a14196f2b659c195186b8ee3409c",
                "thumb_80": "https:\/\/files.slack.com\/files-tmb\/TJ5RZJT52-F07ER5ZJK24-78aa816365\/screen_shot_2024-07-25_at_4.24.03_pm_80.png?t=xoxe-617883639172-7478875690773-7481774584498-d563a14196f2b659c195186b8ee3409c",
                "thumb_360": "https:\/\/files.slack.com\/files-tmb\/TJ5RZJT52-F07ER5ZJK24-78aa816365\/screen_shot_2024-07-25_at_4.24.03_pm_360.png?t=xoxe-617883639172-7478875690773-7481774584498-d563a14196f2b659c195186b8ee3409c",
                "thumb_360_w": 360,
                "thumb_360_h": 225,
                "thumb_480": "https:\/\/files.slack.com\/files-tmb\/TJ5RZJT52-F07ER5ZJK24-78aa816365\/screen_shot_2024-07-25_at_4.24.03_pm_480.png?t=xoxe-617883639172-7478875690773-7481774584498-d563a14196f2b659c195186b8ee3409c",
                "thumb_480_w": 480,
                "thumb_480_h": 300,
                "thumb_160": "https:\/\/files.slack.com\/files-tmb\/TJ5RZJT52-F07ER5ZJK24-78aa816365\/screen_shot_2024-07-25_at_4.24.03_pm_160.png?t=xoxe-617883639172-7478875690773-7481774584498-d563a14196f2b659c195186b8ee3409c",
                "thumb_720": "https:\/\/files.slack.com\/files-tmb\/TJ5RZJT52-F07ER5ZJK24-78aa816365\/screen_shot_2024-07-25_at_4.24.03_pm_720.png?t=xoxe-617883639172-7478875690773-7481774584498-d563a14196f2b659c195186b8ee3409c",
                "thumb_720_w": 720,
                "thumb_720_h": 450,
                "thumb_800": "https:\/\/files.slack.com\/files-tmb\/TJ5RZJT52-F07ER5ZJK24-78aa816365\/screen_shot_2024-07-25_at_4.24.03_pm_800.png?t=xoxe-617883639172-7478875690773-7481774584498-d563a14196f2b659c195186b8ee3409c",
                "thumb_800_w": 800,
                "thumb_800_h": 500,
                "thumb_960": "https:\/\/files.slack.com\/files-tmb\/TJ5RZJT52-F07ER5ZJK24-78aa816365\/screen_shot_2024-07-25_at_4.24.03_pm_960.png?t=xoxe-617883639172-7478875690773-7481774584498-d563a14196f2b659c195186b8ee3409c",
                "thumb_960_w": 960,
                "thumb_960_h": 600,
                "thumb_1024": "https:\/\/files.slack.com\/files-tmb\/TJ5RZJT52-F07ER5ZJK24-78aa816365\/screen_shot_2024-07-25_at_4.24.03_pm_1024.png?t=xoxe-617883639172-7478875690773-7481774584498-d563a14196f2b659c195186b8ee3409c",
                "thumb_1024_w": 1024,
                "thumb_1024_h": 640,
                "original_w": 1440,
                "original_h": 900,
                "thumb_tiny": "AwAeADDPyeRS5zngc0h60J94UAO2tz8vX2oLMM8AZGOlPyP7tNfGBgYoAbuPoKejA5yoPy4\/+v8AWo6khxhuV+6ev+etAERpV680lFAEuV\/yaa+MDBFMzSZoAWpYTjdyB8p6jNQ59qcshXOB1GKAP\/\/Z",
                "permalink": "https:\/\/whatscookinworkspace.slack.com\/files\/U053Y4130SH\/F07ER5ZJK24\/screen_shot_2024-07-25_at_4.24.03_pm.png",
                "permalink_public": "https:\/\/slack-files.com\/TJ5RZJT52-F07ER5ZJK24-55ae59aa9c",
                "is_starred": false,
                "has_rich_preview": false,
                "file_access": "visible"
            }
        ],
        "upload": false,
        "user": "U053Y4130SH",
        "display_as_bot": false,
        "type": "message",
        "ts": "1721921076.005369",
        "client_msg_id": "bab73e53-618c-44bc-9690-983384785bbc",
        "thread_ts": "1721907964.634269",
        "parent_user_id": "UHUUD9ERZ"
    },
    {
        "user": "UHUUD9ERZ",
        "type": "message",
        "ts": "1721921112.602949",
        "client_msg_id": "6018dccd-02cb-4342-941c-76ebb45ba06b",
        "text": "huh yeah you probably won't be able to do a webhook there",
        "team": "TJ5RZJT52",
        "user_team": "TJ5RZJT52",
        "source_team": "TJ5RZJT52",
        "user_profile": {
            "avatar_hash": "g74a16cb2b98",
            "image_72": "https:\/\/secure.gravatar.com\/avatar\/974a16cb2b98d51626c90922d272447e.jpg?s=72&d=https%3A%2F%2Fa.slack-edge.com%2Fdf10d%2Fimg%2Favatars%2Fava_0015-72.png",
            "first_name": "Golda",
            "real_name": "Golda Velez",
            "display_name": "",
            "team": "TJ5RZJT52",
            "name": "gvelez17",
            "is_restricted": false,
            "is_ultra_restricted": false
        },
        "thread_ts": "1721907964.634269",
        "parent_user_id": "UHUUD9ERZ",
        "blocks": [
            {
                "type": "rich_text",
                "block_id": "yCxbm",
                "elements": [
                    {
                        "type": "rich_text_section",
                        "elements": [
                            {
                                "type": "text",
                                "text": "huh yeah you probably won't be able to do a webhook there"
                            }
                        ]
                    }
                ]
            }
        ]
    },
    {
        "user": "UHUUD9ERZ",
        "type": "message",
        "ts": "1721921323.438469",
        "client_msg_id": "5515e71b-0706-46e8-bc44-b5901feeb47f",
        "text": "here's a <https:\/\/calendar.google.com\/calendar\/event?action=TEMPLATE&amp;tmeid=MWw4djRvaTVkaW5qMmNqdm8ybGlvZDlmZDUgNGIxMDQ4NTFiZTQ5YWVlYjM2YzNiMDNlMTVjM2I5YTdmNjc4NTE1ZTg4NDMwMWM5NDk2OWZlY2MwNjgyNGY3N0Bn&amp;tmsrc=4b104851be49aeeb36c3b03e15c3b9a7f678515e884301c94969fecc06824f77%40group.calendar.google.com|calendar reminder Ceramic Discord> for in two weeks.  I won't be able to join - i'll be at DWeb camp - but it should be happening in one of the voice channels",
        "team": "TJ5RZJT52",
        "user_team": "TJ5RZJT52",
        "source_team": "TJ5RZJT52",
        "user_profile": {
            "avatar_hash": "g74a16cb2b98",
            "image_72": "https:\/\/secure.gravatar.com\/avatar\/974a16cb2b98d51626c90922d272447e.jpg?s=72&d=https%3A%2F%2Fa.slack-edge.com%2Fdf10d%2Fimg%2Favatars%2Fava_0015-72.png",
            "first_name": "Golda",
            "real_name": "Golda Velez",
            "display_name": "",
            "team": "TJ5RZJT52",
            "name": "gvelez17",
            "is_restricted": false,
            "is_ultra_restricted": false
        },
        "thread_ts": "1721907964.634269",
        "parent_user_id": "UHUUD9ERZ",
        "attachments": [
            {
                "from_url": "https:\/\/calendar.google.com\/calendar\/event?action=TEMPLATE&tmeid=MWw4djRvaTVkaW5qMmNqdm8ybGlvZDlmZDUgNGIxMDQ4NTFiZTQ5YWVlYjM2YzNiMDNlMTVjM2I5YTdmNjc4NTE1ZTg4NDMwMWM5NDk2OWZlY2MwNjgyNGY3N0Bn&tmsrc=4b104851be49aeeb36c3b03e15c3b9a7f678515e884301c94969fecc06824f77%40group.calendar.google.com",
                "service_icon": "https:\/\/workspace.google.com\/lp\/static\/images\/favicon.ico?fingerprint=913d48cd5d48ba34313131f246f99d6b",
                "id": 1,
                "original_url": "https:\/\/calendar.google.com\/calendar\/event?action=TEMPLATE&amp;tmeid=MWw4djRvaTVkaW5qMmNqdm8ybGlvZDlmZDUgNGIxMDQ4NTFiZTQ5YWVlYjM2YzNiMDNlMTVjM2I5YTdmNjc4NTE1ZTg4NDMwMWM5NDk2OWZlY2MwNjgyNGY3N0Bn&amp;tmsrc=4b104851be49aeeb36c3b03e15c3b9a7f678515e884301c94969fecc06824f77%40group.calendar.google.com",
                "fallback": "Google Workspace: Google Calendar - Easier Time Management, Appointments &amp; Scheduling",
                "text": "Learn how Google Calendar helps you stay on top of your plans - at home, at work and everywhere in between.",
                "title": "Google Calendar - Easier Time Management, Appointments &amp; Scheduling",
                "title_link": "https:\/\/calendar.google.com\/calendar\/event?action=TEMPLATE&tmeid=MWw4djRvaTVkaW5qMmNqdm8ybGlvZDlmZDUgNGIxMDQ4NTFiZTQ5YWVlYjM2YzNiMDNlMTVjM2I5YTdmNjc4NTE1ZTg4NDMwMWM5NDk2OWZlY2MwNjgyNGY3N0Bn&tmsrc=4b104851be49aeeb36c3b03e15c3b9a7f678515e884301c94969fecc06824f77%40group.calendar.google.com",
                "service_name": "Google Workspace"
            }
        ],
        "blocks": [
            {
                "type": "rich_text",
                "block_id": "BuNDA",
                "elements": [
                    {
                        "type": "rich_text_section",
                        "elements": [
                            {
                                "type": "text",
                                "text": "here's a "
                            },
                            {
                                "type": "link",
                                "url": "https:\/\/calendar.google.com\/calendar\/event?action=TEMPLATE&tmeid=MWw4djRvaTVkaW5qMmNqdm8ybGlvZDlmZDUgNGIxMDQ4NTFiZTQ5YWVlYjM2YzNiMDNlMTVjM2I5YTdmNjc4NTE1ZTg4NDMwMWM5NDk2OWZlY2MwNjgyNGY3N0Bn&tmsrc=4b104851be49aeeb36c3b03e15c3b9a7f678515e884301c94969fecc06824f77%40group.calendar.google.com",
                                "text": "calendar reminder Ceramic Discord"
                            },
                            {
                                "type": "text",
                                "text": " for in two weeks.  I won't be able to join - i'll be at DWeb camp - but it should be happening in one of the voice channels"
                            }
                        ]
                    }
                ]
            }
        ]
    },
    {
        "user": "UHUUD9ERZ",
        "type": "message",
        "ts": "1721921338.664049",
        "client_msg_id": "d62deba5-f53c-46bd-99fa-8308cf731218",
        "text": "and if you don't see it, you can ask around in the Ceramic discord, someone should see",
        "team": "TJ5RZJT52",
        "user_team": "TJ5RZJT52",
        "source_team": "TJ5RZJT52",
        "user_profile": {
            "avatar_hash": "g74a16cb2b98",
            "image_72": "https:\/\/secure.gravatar.com\/avatar\/974a16cb2b98d51626c90922d272447e.jpg?s=72&d=https%3A%2F%2Fa.slack-edge.com%2Fdf10d%2Fimg%2Favatars%2Fava_0015-72.png",
            "first_name": "Golda",
            "real_name": "Golda Velez",
            "display_name": "",
            "team": "TJ5RZJT52",
            "name": "gvelez17",
            "is_restricted": false,
            "is_ultra_restricted": false
        },
        "thread_ts": "1721907964.634269",
        "parent_user_id": "UHUUD9ERZ",
        "blocks": [
            {
                "type": "rich_text",
                "block_id": "OvjsG",
                "elements": [
                    {
                        "type": "rich_text_section",
                        "elements": [
                            {
                                "type": "text",
                                "text": "and if you don't see it, you can ask around in the Ceramic discord, someone should see"
                            }
                        ]
                    }
                ]
            }
        ]
    },
    {
        "user": "U053Y4130SH",
        "type": "message",
        "ts": "1721921357.945909",
        "client_msg_id": "c4e7d481-dc92-439e-9b32-0aa67a711d45",
        "text": "Ok thank I will add it to my calender",
        "team": "TJ5RZJT52",
        "user_team": "TJ5RZJT52",
        "source_team": "TJ5RZJT52",
        "user_profile": {
            "avatar_hash": "de7de6b759df",
            "image_72": "https:\/\/avatars.slack-edge.com\/2023-04-20\/5144943877138_de7de6b759df457a2ed4_72.jpg",
            "first_name": "Orjiene",
            "real_name": "Orjiene Kenechukwu",
            "display_name": "spider-man",
            "team": "TJ5RZJT52",
            "name": "orjienekenechukwu",
            "is_restricted": false,
            "is_ultra_restricted": false
        },
        "thread_ts": "1721907964.634269",
        "parent_user_id": "UHUUD9ERZ",
        "blocks": [
            {
                "type": "rich_text",
                "block_id": "xVZ6a",
                "elements": [
                    {
                        "type": "rich_text_section",
                        "elements": [
                            {
                                "type": "text",
                                "text": "Ok thank I will add it to my calender"
                            }
                        ]
                    }
                ]
            }
        ]
    },
    {
        "user": "U053Y4130SH",
        "type": "message",
        "ts": "1721921363.341589",
        "client_msg_id": "861d246b-9226-41bc-a56e-166b08f7bd0e",
        "text": "Great, thanks",
        "team": "TJ5RZJT52",
        "user_team": "TJ5RZJT52",
        "source_team": "TJ5RZJT52",
        "user_profile": {
            "avatar_hash": "de7de6b759df",
            "image_72": "https:\/\/avatars.slack-edge.com\/2023-04-20\/5144943877138_de7de6b759df457a2ed4_72.jpg",
            "first_name": "Orjiene",
            "real_name": "Orjiene Kenechukwu",
            "display_name": "spider-man",
            "team": "TJ5RZJT52",
            "name": "orjienekenechukwu",
            "is_restricted": false,
            "is_ultra_restricted": false
        },
        "thread_ts": "1721907964.634269",
        "parent_user_id": "UHUUD9ERZ",
        "blocks": [
            {
                "type": "rich_text",
                "block_id": "ncKHm",
                "elements": [
                    {
                        "type": "rich_text_section",
                        "elements": [
                            {
                                "type": "text",
                                "text": "Great, thanks"
                            }
                        ]
                    }
                ]
            }
        ]
    },
    {
        "user": "UHUUD9ERZ",
        "type": "message",
        "ts": "1721921593.037439",
        "client_msg_id": "2f0acdcf-b2c8-4c8d-8bce-929d724c1471",
        "text": "this one has a Local AI focus - its pretty competitive - <https:\/\/future.mozilla.org\/builders\/> - 100k",
        "team": "TJ5RZJT52",
        "user_team": "TJ5RZJT52",
        "source_team": "TJ5RZJT52",
        "user_profile": {
            "avatar_hash": "g74a16cb2b98",
            "image_72": "https:\/\/secure.gravatar.com\/avatar\/974a16cb2b98d51626c90922d272447e.jpg?s=72&d=https%3A%2F%2Fa.slack-edge.com%2Fdf10d%2Fimg%2Favatars%2Fava_0015-72.png",
            "first_name": "Golda",
            "real_name": "Golda Velez",
            "display_name": "",
            "team": "TJ5RZJT52",
            "name": "gvelez17",
            "is_restricted": false,
            "is_ultra_restricted": false
        },
        "attachments": [
            {
                "image_url": "https:\/\/storage.googleapis.com\/future-prod-prod-storage\/images\/Blog_16_9_-_1920x1080.2e16d0ba.fill-1200x630.png",
                "image_width": 1200,
                "image_height": 630,
                "image_bytes": 73624,
                "from_url": "https:\/\/future.mozilla.org\/builders\/",
                "service_icon": "https:\/\/future.mozilla.org\/static\/img\/favicons\/innovation\/apple-touch-icon.8cbe9c835c00.png",
                "id": 1,
                "original_url": "https:\/\/future.mozilla.org\/builders\/",
                "fallback": "Mozilla Innovations: Mozilla Builders",
                "text": "The Mozilla Builders Accelerator funds and supports impactful projects that are vital to the open source AI ecosystem. Selected projects will receive up to $100,000 in non-dilutive funding and engage in a focused 12-week program.",
                "title": "Mozilla Builders",
                "title_link": "https:\/\/future.mozilla.org\/builders\/",
                "service_name": "Mozilla Innovations"
            }
        ],
        "blocks": [
            {
                "type": "rich_text",
                "block_id": "6UOaj",
                "elements": [
                    {
                        "type": "rich_text_section",
                        "elements": [
                            {
                                "type": "text",
                                "text": "this one has a Local AI focus - its pretty competitive - "
                            },
                            {
                                "type": "link",
                                "url": "https:\/\/future.mozilla.org\/builders\/"
                            },
                            {
                                "type": "text",
                                "text": " - 100k"
                            }
                        ]
                    }
                ]
            }
        ]
    },
    {
        "user": "UHUUD9ERZ",
        "type": "message",
        "ts": "1721921698.238389",
        "client_msg_id": "8e4c280e-a682-4b92-8fd4-9adf1897f268",
        "text": "its not that big an application, we could carefully describe the Jamba + RAG approach, that would be useful to us internally anyway\n\nDue by Aug 1\n\n<@ULW9P11PU> what do you think?",
        "team": "TJ5RZJT52",
        "user_team": "TJ5RZJT52",
        "source_team": "TJ5RZJT52",
        "user_profile": {
            "avatar_hash": "g74a16cb2b98",
            "image_72": "https:\/\/secure.gravatar.com\/avatar\/974a16cb2b98d51626c90922d272447e.jpg?s=72&d=https%3A%2F%2Fa.slack-edge.com%2Fdf10d%2Fimg%2Favatars%2Fava_0015-72.png",
            "first_name": "Golda",
            "real_name": "Golda Velez",
            "display_name": "",
            "team": "TJ5RZJT52",
            "name": "gvelez17",
            "is_restricted": false,
            "is_ultra_restricted": false
        },
        "blocks": [
            {
                "type": "rich_text",
                "block_id": "FwPFz",
                "elements": [
                    {
                        "type": "rich_text_section",
                        "elements": [
                            {
                                "type": "text",
                                "text": "its not that big an application, we could carefully describe the Jamba + RAG approach, that would be useful to us internally anyway\n\nDue by Aug 1\n\n"
                            },
                            {
                                "type": "user",
                                "user_id": "ULW9P11PU"
                            },
                            {
                                "type": "text",
                                "text": " what do you think?"
                            }
                        ]
                    }
                ]
            }
        ]
    },
    {
        "user": "UHUUD9ERZ",
        "type": "message",
        "ts": "1721930755.234399",
        "client_msg_id": "f28f20f7-8662-4bf5-af88-1f086d84ae75",
        "text": "hey <@U04JB4HPS6P> you scheduled with me for right now?",
        "team": "TJ5RZJT52",
        "user_team": "TJ5RZJT52",
        "source_team": "TJ5RZJT52",
        "user_profile": {
            "avatar_hash": "g74a16cb2b98",
            "image_72": "https:\/\/secure.gravatar.com\/avatar\/974a16cb2b98d51626c90922d272447e.jpg?s=72&d=https%3A%2F%2Fa.slack-edge.com%2Fdf10d%2Fimg%2Favatars%2Fava_0015-72.png",
            "first_name": "Golda",
            "real_name": "Golda Velez",
            "display_name": "",
            "team": "TJ5RZJT52",
            "name": "gvelez17",
            "is_restricted": false,
            "is_ultra_restricted": false
        },
        "thread_ts": "1721765413.426259",
        "parent_user_id": "UHUUD9ERZ",
        "blocks": [
            {
                "type": "rich_text",
                "block_id": "namqz",
                "elements": [
                    {
                        "type": "rich_text_section",
                        "elements": [
                            {
                                "type": "text",
                                "text": "hey "
                            },
                            {
                                "type": "user",
                                "user_id": "U04JB4HPS6P"
                            },
                            {
                                "type": "text",
                                "text": " you scheduled with me for right now?"
                            }
                        ]
                    }
                ]
            }
        ]
    },
    {
        "user": "UHUUD9ERZ",
        "type": "message",
        "ts": "1721930780.622049",
        "client_msg_id": "d4d4ced5-69d2-43a6-93dc-13a4bb89d8de",
        "text": "i am gonna drop, please warn me if you can't make it to a planned meeting if you can",
        "team": "TJ5RZJT52",
        "user_team": "TJ5RZJT52",
        "source_team": "TJ5RZJT52",
        "user_profile": {
            "avatar_hash": "g74a16cb2b98",
            "image_72": "https:\/\/secure.gravatar.com\/avatar\/974a16cb2b98d51626c90922d272447e.jpg?s=72&d=https%3A%2F%2Fa.slack-edge.com%2Fdf10d%2Fimg%2Favatars%2Fava_0015-72.png",
            "first_name": "Golda",
            "real_name": "Golda Velez",
            "display_name": "",
            "team": "TJ5RZJT52",
            "name": "gvelez17",
            "is_restricted": false,
            "is_ultra_restricted": false
        },
        "thread_ts": "1721765413.426259",
        "parent_user_id": "UHUUD9ERZ",
        "blocks": [
            {
                "type": "rich_text",
                "block_id": "R40k9",
                "elements": [
                    {
                        "type": "rich_text_section",
                        "elements": [
                            {
                                "type": "text",
                                "text": "i am gonna drop, please warn me if you can't make it to a planned meeting if you can"
                            }
                        ]
                    }
                ]
            }
        ],
        "reactions": [
            {
                "name": "pray",
                "users": [
                    "U04JB4HPS6P"
                ],
                "count": 1
            }
        ]
    },
    {
        "user": "U04JB4HPS6P",
        "type": "message",
        "ts": "1721930809.851179",
        "client_msg_id": "92de3a3b-fa31-4725-95a7-d265a4dd55f4",
        "text": "Am joining in now ma'am, so sorry :pray:",
        "team": "TJ5RZJT52",
        "user_team": "TJ5RZJT52",
        "source_team": "TJ5RZJT52",
        "user_profile": {
            "avatar_hash": "4c5395129248",
            "image_72": "https:\/\/avatars.slack-edge.com\/2023-04-10\/5088199635636_4c5395129248f6965f74_72.jpg",
            "first_name": "Peter",
            "real_name": "Peter Benjamin Ani",
            "display_name": "Peter Benjamin Ani",
            "team": "TJ5RZJT52",
            "name": "benjaminparish6",
            "is_restricted": false,
            "is_ultra_restricted": false
        },
        "thread_ts": "1721765413.426259",
        "parent_user_id": "UHUUD9ERZ",
        "blocks": [
            {
                "type": "rich_text",
                "block_id": "peq9X",
                "elements": [
                    {
                        "type": "rich_text_section",
                        "elements": [
                            {
                                "type": "text",
                                "text": "Am joining in now ma'am, so sorry "
                            },
                            {
                                "type": "emoji",
                                "name": "pray",
                                "unicode": "1f64f"
                            }
                        ]
                    }
                ]
            }
        ]
    },
    {
        "user": "U04JB4HPS6P",
        "type": "message",
        "ts": "1721931022.711559",
        "client_msg_id": "808dfc38-a26d-49fb-8301-216f74aff370",
        "text": "am on the meet now, so sorry about this ma'am :pray:",
        "team": "TJ5RZJT52",
        "user_team": "TJ5RZJT52",
        "source_team": "TJ5RZJT52",
        "user_profile": {
            "avatar_hash": "4c5395129248",
            "image_72": "https:\/\/avatars.slack-edge.com\/2023-04-10\/5088199635636_4c5395129248f6965f74_72.jpg",
            "first_name": "Peter",
            "real_name": "Peter Benjamin Ani",
            "display_name": "Peter Benjamin Ani",
            "team": "TJ5RZJT52",
            "name": "benjaminparish6",
            "is_restricted": false,
            "is_ultra_restricted": false
        },
        "thread_ts": "1721765413.426259",
        "parent_user_id": "UHUUD9ERZ",
        "blocks": [
            {
                "type": "rich_text",
                "block_id": "r3qu7",
                "elements": [
                    {
                        "type": "rich_text_section",
                        "elements": [
                            {
                                "type": "text",
                                "text": "am on the meet now, so sorry about this ma'am "
                            },
                            {
                                "type": "emoji",
                                "name": "pray",
                                "unicode": "1f64f"
                            }
                        ]
                    }
                ]
            }
        ]
    },
    {
        "user": "UHUUD9ERZ",
        "type": "message",
        "ts": "1721931192.247099",
        "client_msg_id": "22e47ffa-a81c-421e-8630-cb3b05e798cc",
        "text": "no worries!  joining!",
        "team": "TJ5RZJT52",
        "user_team": "TJ5RZJT52",
        "source_team": "TJ5RZJT52",
        "user_profile": {
            "avatar_hash": "g74a16cb2b98",
            "image_72": "https:\/\/secure.gravatar.com\/avatar\/974a16cb2b98d51626c90922d272447e.jpg?s=72&d=https%3A%2F%2Fa.slack-edge.com%2Fdf10d%2Fimg%2Favatars%2Fava_0015-72.png",
            "first_name": "Golda",
            "real_name": "Golda Velez",
            "display_name": "",
            "team": "TJ5RZJT52",
            "name": "gvelez17",
            "is_restricted": false,
            "is_ultra_restricted": false
        },
        "thread_ts": "1721765413.426259",
        "parent_user_id": "UHUUD9ERZ",
        "blocks": [
            {
                "type": "rich_text",
                "block_id": "QD3QY",
                "elements": [
                    {
                        "type": "rich_text_section",
                        "elements": [
                            {
                                "type": "text",
                                "text": "no worries!  joining!"
                            }
                        ]
                    }
                ]
            }
        ]
    },
    {
        "user": "U053Y4130SH",
        "type": "message",
        "ts": "1721931280.669609",
        "client_msg_id": "bcbf730b-ab0f-4aeb-a05b-d66f8a871d9a",
        "text": "is it possible for me to join too <@U04JB4HPS6P> <@UHUUD9ERZ>",
        "team": "TJ5RZJT52",
        "user_team": "TJ5RZJT52",
        "source_team": "TJ5RZJT52",
        "user_profile": {
            "avatar_hash": "de7de6b759df",
            "image_72": "https:\/\/avatars.slack-edge.com\/2023-04-20\/5144943877138_de7de6b759df457a2ed4_72.jpg",
            "first_name": "Orjiene",
            "real_name": "Orjiene Kenechukwu",
            "display_name": "spider-man",
            "team": "TJ5RZJT52",
            "name": "orjienekenechukwu",
            "is_restricted": false,
            "is_ultra_restricted": false
        },
        "thread_ts": "1721765413.426259",
        "parent_user_id": "UHUUD9ERZ",
        "blocks": [
            {
                "type": "rich_text",
                "block_id": "4\/8vM",
                "elements": [
                    {
                        "type": "rich_text_section",
                        "elements": [
                            {
                                "type": "text",
                                "text": "is it possible for me to join too "
                            },
                            {
                                "type": "user",
                                "user_id": "U04JB4HPS6P"
                            },
                            {
                                "type": "text",
                                "text": " "
                            },
                            {
                                "type": "user",
                                "user_id": "UHUUD9ERZ"
                            }
                        ]
                    }
                ]
            }
        ]
    },
    {
        "user": "UHUUD9ERZ",
        "type": "message",
        "ts": "1721932263.074939",
        "client_msg_id": "88bb7400-ae8b-471a-9604-7140d27a32cd",
        "text": "sure <@U053Y4130SH> one sec",
        "team": "TJ5RZJT52",
        "user_team": "TJ5RZJT52",
        "source_team": "TJ5RZJT52",
        "user_profile": {
            "avatar_hash": "g74a16cb2b98",
            "image_72": "https:\/\/secure.gravatar.com\/avatar\/974a16cb2b98d51626c90922d272447e.jpg?s=72&d=https%3A%2F%2Fa.slack-edge.com%2Fdf10d%2Fimg%2Favatars%2Fava_0015-72.png",
            "first_name": "Golda",
            "real_name": "Golda Velez",
            "display_name": "",
            "team": "TJ5RZJT52",
            "name": "gvelez17",
            "is_restricted": false,
            "is_ultra_restricted": false
        },
        "thread_ts": "1721765413.426259",
        "parent_user_id": "UHUUD9ERZ",
        "blocks": [
            {
                "type": "rich_text",
                "block_id": "G3Iyz",
                "elements": [
                    {
                        "type": "rich_text_section",
                        "elements": [
                            {
                                "type": "text",
                                "text": "sure "
                            },
                            {
                                "type": "user",
                                "user_id": "U053Y4130SH"
                            },
                            {
                                "type": "text",
                                "text": " one sec"
                            }
                        ]
                    }
                ]
            }
        ]
    },
    {
        "user": "U053Y4130SH",
        "type": "message",
        "ts": "1721932286.292889",
        "client_msg_id": "568f61aa-eece-4ca9-8fdc-04bc996bebda",
        "text": "ok :+1::skin-tone-5:",
        "team": "TJ5RZJT52",
        "user_team": "TJ5RZJT52",
        "source_team": "TJ5RZJT52",
        "user_profile": {
            "avatar_hash": "de7de6b759df",
            "image_72": "https:\/\/avatars.slack-edge.com\/2023-04-20\/5144943877138_de7de6b759df457a2ed4_72.jpg",
            "first_name": "Orjiene",
            "real_name": "Orjiene Kenechukwu",
            "display_name": "spider-man",
            "team": "TJ5RZJT52",
            "name": "orjienekenechukwu",
            "is_restricted": false,
            "is_ultra_restricted": false
        },
        "thread_ts": "1721765413.426259",
        "parent_user_id": "UHUUD9ERZ",
        "blocks": [
            {
                "type": "rich_text",
                "block_id": "HeVMC",
                "elements": [
                    {
                        "type": "rich_text_section",
                        "elements": [
                            {
                                "type": "text",
                                "text": "ok "
                            },
                            {
                                "type": "emoji",
                                "name": "+1",
                                "unicode": "1f44d-1f3fe",
                                "skin_tone": 5
                            }
                        ]
                    }
                ]
            }
        ]
    },
    {
        "user": "UHUUD9ERZ",
        "type": "message",
        "ts": "1721932316.202869",
        "client_msg_id": "92aede41-f13d-4013-b97e-f3951b5b548d",
        "text": "here - <https:\/\/meet.google.com\/dad-dsjn-dkt?authuser=0>",
        "team": "TJ5RZJT52",
        "user_team": "TJ5RZJT52",
        "source_team": "TJ5RZJT52",
        "user_profile": {
            "avatar_hash": "g74a16cb2b98",
            "image_72": "https:\/\/secure.gravatar.com\/avatar\/974a16cb2b98d51626c90922d272447e.jpg?s=72&d=https%3A%2F%2Fa.slack-edge.com%2Fdf10d%2Fimg%2Favatars%2Fava_0015-72.png",
            "first_name": "Golda",
            "real_name": "Golda Velez",
            "display_name": "",
            "team": "TJ5RZJT52",
            "name": "gvelez17",
            "is_restricted": false,
            "is_ultra_restricted": false
        },
        "thread_ts": "1721765413.426259",
        "parent_user_id": "UHUUD9ERZ",
        "attachments": [
            {
                "from_url": "https:\/\/meet.google.com\/dad-dsjn-dkt?authuser=0",
                "thumb_url": "https:\/\/fonts.gstatic.com\/s\/i\/productlogos\/meet_2020q4\/v1\/web-96dp\/logo_meet_2020q4_color_2x_web_96dp.png",
                "thumb_width": 192,
                "thumb_height": 192,
                "service_icon": "http:\/\/fonts.gstatic.com\/s\/i\/productlogos\/meet_2020q4\/v1\/web-24dp\/logo_meet_2020q4_color_1x_web_24dp.png",
                "id": 1,
                "original_url": "https:\/\/meet.google.com\/dad-dsjn-dkt?authuser=0",
                "fallback": "Meet",
                "text": "Real-time meetings by Google. Using your browser, share your video, desktop, and presentations with teammates and customers.",
                "title": "Meet",
                "title_link": "https:\/\/meet.google.com\/dad-dsjn-dkt?authuser=0",
                "service_name": "meet.google.com"
            }
        ],
        "blocks": [
            {
                "type": "rich_text",
                "block_id": "9O9sX",
                "elements": [
                    {
                        "type": "rich_text_section",
                        "elements": [
                            {
                                "type": "text",
                                "text": "here - "
                            },
                            {
                                "type": "link",
                                "url": "https:\/\/meet.google.com\/dad-dsjn-dkt?authuser=0"
                            }
                        ]
                    }
                ]
            }
        ]
    },
    {
        "user": "UHUUD9ERZ",
        "type": "message",
        "ts": "1721932614.988079",
        "edited": {
            "user": "UHUUD9ERZ",
            "ts": "1721933516.000000"
        },
        "client_msg_id": "7406f605-52a5-4d74-99a5-388278bb263b",
        "text": "this is the <https:\/\/docs.google.com\/document\/d\/1JFHKJcC5_pkN-W3F0sZ5Lk-JZ8VQJ7P5LDijepMFAKc\/edit|big list of funding opportunities>\n\nand this is the <https:\/\/docs.google.com\/spreadsheets\/d\/1OXl3mog6BFD7hTClBPS7hHWiXMerDvbveC2CseRpq98\/edit?gid=810777765#gid=810777765|pipes spreadsheet> with current planning\n\nremember always put your draft submissions in <https:\/\/drive.google.com\/drive\/u\/0\/folders\/1Pphvx0aq1GToNktkc9gGkTCiJlx7CofF>\nand ping in channel for edits and review before submitting (but don't wait for edits, submit on deadline)",
        "team": "TJ5RZJT52",
        "user_team": "TJ5RZJT52",
        "source_team": "TJ5RZJT52",
        "user_profile": {
            "avatar_hash": "g74a16cb2b98",
            "image_72": "https:\/\/secure.gravatar.com\/avatar\/974a16cb2b98d51626c90922d272447e.jpg?s=72&d=https%3A%2F%2Fa.slack-edge.com%2Fdf10d%2Fimg%2Favatars%2Fava_0015-72.png",
            "first_name": "Golda",
            "real_name": "Golda Velez",
            "display_name": "",
            "team": "TJ5RZJT52",
            "name": "gvelez17",
            "is_restricted": false,
            "is_ultra_restricted": false
        },
        "blocks": [
            {
                "type": "rich_text",
                "block_id": "CqjJ5",
                "elements": [
                    {
                        "type": "rich_text_section",
                        "elements": [
                            {
                                "type": "text",
                                "text": "this is the "
                            },
                            {
                                "type": "link",
                                "url": "https:\/\/docs.google.com\/document\/d\/1JFHKJcC5_pkN-W3F0sZ5Lk-JZ8VQJ7P5LDijepMFAKc\/edit",
                                "text": "big list of funding opportunities"
                            },
                            {
                                "type": "text",
                                "text": "\n\nand this is the "
                            },
                            {
                                "type": "link",
                                "url": "https:\/\/docs.google.com\/spreadsheets\/d\/1OXl3mog6BFD7hTClBPS7hHWiXMerDvbveC2CseRpq98\/edit?gid=810777765#gid=810777765",
                                "text": "pipes spreadsheet"
                            },
                            {
                                "type": "text",
                                "text": " with current planning\n\nremember always put your draft submissions in "
                            },
                            {
                                "type": "link",
                                "url": "https:\/\/drive.google.com\/drive\/u\/0\/folders\/1Pphvx0aq1GToNktkc9gGkTCiJlx7CofF"
                            },
                            {
                                "type": "text",
                                "text": "\nand ping in channel for edits and review before submitting (but don't wait for edits, submit on deadline)"
                            }
                        ]
                    }
                ]
            }
        ]
    },
    {
        "text": "<@UHUUD9ERZ> this is the response from hedera after the review process",
        "files": [
            {
                "id": "F07E652L4A0",
                "created": 1721933778,
                "timestamp": 1721933778,
                "name": "Screenshot_2024-07-25-19-55-47-788_com.zoho.mail.jpg",
                "title": "Screenshot_2024-07-25-19-55-47-788_com.zoho.mail.jpg",
                "mimetype": "image\/jpeg",
                "filetype": "jpg",
                "pretty_type": "JPEG",
                "user": "U04JB4HPS6P",
                "user_team": "TJ5RZJT52",
                "editable": false,
                "size": 147406,
                "mode": "hosted",
                "is_external": false,
                "external_type": "",
                "is_public": true,
                "public_url_shared": false,
                "display_as_bot": false,
                "username": "",
                "url_private": "https:\/\/files.slack.com\/files-pri\/TJ5RZJT52-F07E652L4A0\/screenshot_2024-07-25-19-55-47-788_com.zoho.mail.jpg?t=xoxe-617883639172-7478875690773-7481774584498-d563a14196f2b659c195186b8ee3409c",
                "url_private_download": "https:\/\/files.slack.com\/files-pri\/TJ5RZJT52-F07E652L4A0\/download\/screenshot_2024-07-25-19-55-47-788_com.zoho.mail.jpg?t=xoxe-617883639172-7478875690773-7481774584498-d563a14196f2b659c195186b8ee3409c",
                "media_display_type": "unknown",
                "thumb_64": "https:\/\/files.slack.com\/files-tmb\/TJ5RZJT52-F07E652L4A0-7b645b3264\/screenshot_2024-07-25-19-55-47-788_com.zoho.mail_64.jpg?t=xoxe-617883639172-7478875690773-7481774584498-d563a14196f2b659c195186b8ee3409c",
                "thumb_80": "https:\/\/files.slack.com\/files-tmb\/TJ5RZJT52-F07E652L4A0-7b645b3264\/screenshot_2024-07-25-19-55-47-788_com.zoho.mail_80.jpg?t=xoxe-617883639172-7478875690773-7481774584498-d563a14196f2b659c195186b8ee3409c",
                "thumb_360": "https:\/\/files.slack.com\/files-tmb\/TJ5RZJT52-F07E652L4A0-7b645b3264\/screenshot_2024-07-25-19-55-47-788_com.zoho.mail_360.jpg?t=xoxe-617883639172-7478875690773-7481774584498-d563a14196f2b659c195186b8ee3409c",
                "thumb_360_w": 162,
                "thumb_360_h": 360,
                "thumb_480": "https:\/\/files.slack.com\/files-tmb\/TJ5RZJT52-F07E652L4A0-7b645b3264\/screenshot_2024-07-25-19-55-47-788_com.zoho.mail_480.jpg?t=xoxe-617883639172-7478875690773-7481774584498-d563a14196f2b659c195186b8ee3409c",
                "thumb_480_w": 216,
                "thumb_480_h": 480,
                "thumb_160": "https:\/\/files.slack.com\/files-tmb\/TJ5RZJT52-F07E652L4A0-7b645b3264\/screenshot_2024-07-25-19-55-47-788_com.zoho.mail_160.jpg?t=xoxe-617883639172-7478875690773-7481774584498-d563a14196f2b659c195186b8ee3409c",
                "thumb_720": "https:\/\/files.slack.com\/files-tmb\/TJ5RZJT52-F07E652L4A0-7b645b3264\/screenshot_2024-07-25-19-55-47-788_com.zoho.mail_720.jpg?t=xoxe-617883639172-7478875690773-7481774584498-d563a14196f2b659c195186b8ee3409c",
                "thumb_720_w": 324,
                "thumb_720_h": 720,
                "thumb_800": "https:\/\/files.slack.com\/files-tmb\/TJ5RZJT52-F07E652L4A0-7b645b3264\/screenshot_2024-07-25-19-55-47-788_com.zoho.mail_800.jpg?t=xoxe-617883639172-7478875690773-7481774584498-d563a14196f2b659c195186b8ee3409c",
                "thumb_800_w": 800,
                "thumb_800_h": 1778,
                "thumb_960": "https:\/\/files.slack.com\/files-tmb\/TJ5RZJT52-F07E652L4A0-7b645b3264\/screenshot_2024-07-25-19-55-47-788_com.zoho.mail_960.jpg?t=xoxe-617883639172-7478875690773-7481774584498-d563a14196f2b659c195186b8ee3409c",
                "thumb_960_w": 432,
                "thumb_960_h": 960,
                "thumb_1024": "https:\/\/files.slack.com\/files-tmb\/TJ5RZJT52-F07E652L4A0-7b645b3264\/screenshot_2024-07-25-19-55-47-788_com.zoho.mail_1024.jpg?t=xoxe-617883639172-7478875690773-7481774584498-d563a14196f2b659c195186b8ee3409c",
                "thumb_1024_w": 461,
                "thumb_1024_h": 1024,
                "original_w": 1080,
                "original_h": 2400,
                "thumb_tiny": "AwAwABWiQfSjgdv1pTswMA9OcnvScUAITmk4paKAJYnEZ3YVsjGGXNSfaQP+WcR\/4BUSn5RQW9M\/lQAw+1JSnrzSUASLnaOKM\/5zTcggDvSEYoAG5NJRRQB\/\/9k=",
                "permalink": "https:\/\/whatscookinworkspace.slack.com\/files\/U04JB4HPS6P\/F07E652L4A0\/screenshot_2024-07-25-19-55-47-788_com.zoho.mail.jpg",
                "permalink_public": "https:\/\/slack-files.com\/TJ5RZJT52-F07E652L4A0-466b9229fb",
                "is_starred": false,
                "has_rich_preview": false,
                "file_access": "visible"
            }
        ],
        "upload": false,
        "user": "U04JB4HPS6P",
        "display_as_bot": false,
        "blocks": [
            {
                "type": "rich_text",
                "block_id": "jf5\/r",
                "elements": [
                    {
                        "type": "rich_text_section",
                        "elements": [
                            {
                                "type": "user",
                                "user_id": "UHUUD9ERZ"
                            },
                            {
                                "type": "text",
                                "text": " this is the response from hedera after the review process"
                            }
                        ]
                    }
                ]
            }
        ],
        "type": "message",
        "ts": "1721933807.631379",
        "client_msg_id": "4d87b5df-a98c-4d33-a863-d41b7567c453"
    }
]