[
{
    "id": "CJ8HGAWTY",
    "name": "general",
    "created": 1556201732,
    "creator": "UHUUD9ERZ",
    "is_archived": false,
    "is_general": true,
    "members": [
        "UHUUD9ERZ",
        "UHUUH1UN7",
        "UJ0DBUFPT",
        "UJ1H5LXB3",
        "UJB38NSG3",
        "UJBJAQSSU",
        "UJWMSLD7U",
        "ULW9P11PU",
        "ULZP13CNP",
        "UM2KYA709",
        "UM4MTJL2F",
        "UMAGDDC57",
        "UMCHBH1V2",
        "UMJFQ5H5L",
        "UMLDS73G8",
        "URELMDPNH",
        "US0LLHCGP",
        "U0108668HK5",
        "U0112R5KHH6",
        "U013V93734K",
        "U015BBLM97U",
        "U016YUNE4CQ",
        "U017SF2MU8M",
        "U017U79JFRQ",
        "U018WFVEB17",
        "U01G6KK5VNG",
        "U01HHQXCX6K",
        "U01LSU3KZAM",
        "U01MBT3S9LG",
        "U01NPMZD1NC",
        "U01P14TGU7Q",
        "U01Q6S6RYDC",
        "U01R220V15X",
        "U01RT5B4QNS",
        "U01S6FARJBH",
        "U01SQMKSKL6",
        "U01UBCHT72M",
        "U01V0UBMT50",
        "U01V5H4804R",
        "U020N08KML2",
        "U021NFSD869",
        "U021S3M0ZGA",
        "U022KAJ4J1M",
        "U0230J6TL4A",
        "U023GKNPGSH",
        "U024AM6802Y",
        "U0259E9DUMV",
        "U025HQ4LZ7C",
        "U027PFVVCMB",
        "U029VB33JSF",
        "U029VB9A9J7",
        "U02AU85TSFP",
        "U02B0GRBZ5L",
        "U02BDM9TSQ3",
        "U02FCJFBFM5",
        "U02FQ9T2NAZ",
        "U02FTA3SXT5",
        "U02G5UE1UAV",
        "U02GA4RR0HY",
        "U02GD8RJ2LB",
        "U02GGFV35LP",
        "U02KY1K26SD",
        "U02QMS0U79A",
        "U02SRPBDUBF",
        "U02SW9JRTQD",
        "U02T021JJ66",
        "U02T5PSP82J",
        "U02TBSRKQ01",
        "U02TJDEBRG8",
        "U02TL9N99DX",
        "U02TP09KV9N",
        "U02U555BD4J",
        "U02ULNRHJ3B",
        "U02UN6GGE79",
        "U031BTP5TDG",
        "U031QU9RDCP",
        "U032F1C146Q",
        "U032ZC6PYLT",
        "U034520EKQE",
        "U03FF0Y308M",
        "U03FHTP40UA",
        "U03FNKVHPGT",
        "U045WTAM7ML",
        "U0460HH0D45",
        "U04HAE0RHUN",
        "U04HDTA7EG2",
        "U04HEDUJWD8",
        "U04HFKKQVST",
        "U04HGS2SF0A",
        "U04HX5ZRSAK",
        "U04HYPLJM8B",
        "U04J0B68AHX",
        "U04J46FLRDZ",
        "U04J4LZM32A",
        "U04J54RF2S2",
        "U04J8BDS9M3",
        "U04J8C10FV3",
        "U04JB4HPS6P",
        "U04JBP5NND8",
        "U04JME39R1B",
        "U04JQC5HSNM",
        "U04K0CF73HT",
        "U04K1CLH77S",
        "U04K31PEU0H",
        "U04K6C10R8Q",
        "U04NPBF1H6J",
        "U04P7KX6UAC",
        "U04PL58FNSF",
        "U04SHND3W3E",
        "U04STTC5ALR",
        "U05259BAJSV",
        "U052YQLT8Q2",
        "U053Y4130SH",
        "U053Z2ZHPHB",
        "U05AC7CD6G3",
        "U05DF9A0UBW",
        "U05E71E0QR3",
        "U05E9RW6ZGT",
        "U05J1GDE274",
        "U05JBSXGR4L",
        "U05KYFG48GH",
        "U05M200M5FB",
        "U05SY3T2ZT6",
        "U0649CND63T",
        "U0654C28M5Z",
        "U065H9USF0E",
        "U066ZSWGJBS",
        "U067PAW5526",
        "U067PAWMTL2",
        "U068HMGE8DB",
        "U068N5LLHFU",
        "U068XMFG6UF",
        "U069UCY6WPL",
        "U06BB6CKB40",
        "U06CLBBMD40",
        "U06E4NV0FSS",
        "U06EW4LSB1T",
        "U06F5QK5FCM",
        "U06F8MCRHKQ",
        "U06G424L9DE",
        "U06HYGZPRF1",
        "U06JURCT58Q",
        "U06JWKYFTC0",
        "U06MHPA4FJN",
        "U06QF82GLJC",
        "U06SXDBGD8W",
        "U0704QZ6PNK",
        "U07053ZHGFK",
        "U071AUVRX3P",
        "U072B9A97GV",
        "U072E3ARVQB",
        "U072E6MES3C",
        "U072SS7UTCH",
        "U07330EPUAC",
        "U07330GLHUY",
        "U073EG0KWJ3",
        "U073FM6SXT5",
        "U073TSLM8LE",
        "U07624LT6SG",
        "U078NBR46H0",
        "U079BGE2X6Y",
        "U07A4GV2JPN",
        "U07DR4R0KLK"
    ],
    "pins": [
        {
            "id": "1697127927.743349",
            "type": "C",
            "created": 1697127930,
            "user": "UHUUD9ERZ",
            "owner": "UHUUD9ERZ"
        },
        {
            "id": "1702363789.122189",
            "type": "C",
            "created": 1702363793,
            "user": "UHUUD9ERZ",
            "owner": "UHUUD9ERZ"
        },
        {
            "id": "1711123168.303039",
            "type": "C",
            "created": 1711123171,
            "user": "UHUUD9ERZ",
            "owner": "UHUUD9ERZ"
        },
        {
            "id": "1714608724.707109",
            "type": "C",
            "created": 1714608728,
            "user": "UHUUD9ERZ",
            "owner": "UHUUD9ERZ"
        },
        {
            "id": "1715712038.880719",
            "type": "C",
            "created": 1715811553,
            "user": "U053Y4130SH",
            "owner": "UHUUD9ERZ"
        }
    ],
    "topic": {
        "value": "Wiki: <http:\/\/taiga.linkedtrust.us\/project\/epics\/wiki\/home>\nWelcome letter: <https:\/\/docs.google.com\/document\/d\/19II2_N2wcjpOoHHgGHQQk-IsZIdKmL83JfQJvRPcgNU\/edit?usp=sharing>\n2024 folder: <https:\/\/shorturl.at\/jqtH9>\nCalendar <https:\/\/shorturl.at\/bwEMP>",
        "creator": "U04JB4HPS6P",
        "last_set": 1714612700
    },
    "purpose": {
        "value": "This channel is for workspace-wide communication and announcements. All members are in this channel.",
        "creator": "UHUUD9ERZ",
        "last_set": 1556201732
    }
},
{
    "id": "CJWMZAEJW",
    "name": "marketing",
    "created": 1559603510,
    "creator": "UHUUD9ERZ",
    "is_archived": false,
    "is_general": false,
    "members": [
        "UHUUD9ERZ",
        "UJ0DBUFPT",
        "UJBJAQSSU",
        "UJWMSLD7U",
        "ULW9P11PU",
        "ULZP13CNP",
        "UM2KYA709",
        "UM4MTJL2F",
        "UMAGDDC57",
        "UMCHBH1V2",
        "UMJFQ5H5L",
        "URELMDPNH",
        "US0LLHCGP",
        "U016YUNE4CQ",
        "U017SF2MU8M",
        "U017U79JFRQ",
        "U018WFVEB17",
        "U01G6KK5VNG",
        "U01MBT3S9LG",
        "U01NPMZD1NC",
        "U01P14TGU7Q",
        "U01Q6S6RYDC",
        "U01RT5B4QNS",
        "U01S6FARJBH",
        "U01SQMKSKL6",
        "U01UBCHT72M",
        "U020N08KML2",
        "U021S3M0ZGA",
        "U022KAJ4J1M",
        "U023GKNPGSH",
        "U024AM6802Y",
        "U0259E9DUMV",
        "U025HQ4LZ7C",
        "U029VB33JSF",
        "U029VB9A9J7",
        "U02AU85TSFP",
        "U02B0GRBZ5L",
        "U02FCJFBFM5",
        "U02FQ9T2NAZ",
        "U02FTA3SXT5",
        "U02G5UE1UAV",
        "U02GA4RR0HY",
        "U02GD8RJ2LB",
        "U02GGFV35LP",
        "U02QMS0U79A",
        "U02T021JJ66",
        "U031QU9RDCP",
        "U032F1C146Q",
        "U034520EKQE",
        "U03FF0Y308M",
        "U03FHTP40UA",
        "U03FNKVHPGT",
        "U045WTAM7ML",
        "U0460HH0D45",
        "U04HAE0RHUN",
        "U04HDTA7EG2",
        "U04HEDUJWD8",
        "U04HFKKQVST",
        "U04HGS2SF0A",
        "U04HX5ZRSAK",
        "U04HYPLJM8B",
        "U04J0B68AHX",
        "U04J46FLRDZ",
        "U04J4LZM32A",
        "U04J54RF2S2",
        "U04J8BDS9M3",
        "U04J8C10FV3",
        "U04JB4HPS6P",
        "U04JBP5NND8",
        "U04JME39R1B",
        "U04JQC5HSNM",
        "U04K0CF73HT",
        "U04K1CLH77S",
        "U04K31PEU0H",
        "U04K6C10R8Q",
        "U04NPBF1H6J",
        "U04P7KX6UAC",
        "U04PL58FNSF",
        "U04SHND3W3E",
        "U04STTC5ALR",
        "U05259BAJSV",
        "U052YQLT8Q2",
        "U053Y4130SH",
        "U053Z2ZHPHB",
        "U05AC7CD6G3",
        "U05DF9A0UBW",
        "U05E71E0QR3",
        "U05E9RW6ZGT",
        "U05J1GDE274",
        "U05JBSXGR4L",
        "U05KYFG48GH",
        "U05M200M5FB",
        "U05SY3T2ZT6",
        "U0649CND63T",
        "U0654C28M5Z",
        "U065H9USF0E",
        "U066ZSWGJBS",
        "U067PAW5526",
        "U067PAWMTL2",
        "U068HMGE8DB",
        "U068N5LLHFU",
        "U068XMFG6UF",
        "U069UCY6WPL",
        "U06BB6CKB40",
        "U06CLBBMD40",
        "U06E4NV0FSS",
        "U06EW4LSB1T",
        "U06F5QK5FCM",
        "U06F8MCRHKQ",
        "U06G424L9DE",
        "U06HYGZPRF1",
        "U06JURCT58Q",
        "U06JWKYFTC0",
        "U06MHPA4FJN",
        "U06QF82GLJC",
        "U06SXDBGD8W",
        "U0704QZ6PNK",
        "U07053ZHGFK",
        "U071AUVRX3P",
        "U072B9A97GV",
        "U072E3ARVQB",
        "U072E6MES3C",
        "U072SS7UTCH",
        "U07330EPUAC",
        "U07330GLHUY",
        "U073EG0KWJ3",
        "U073FM6SXT5",
        "U07624LT6SG",
        "U078NBR46H0",
        "U079BGE2X6Y",
        "U07A4GV2JPN",
        "U07DR4R0KLK"
    ],
    "pins": [
        {
            "id": "1606723333.000300",
            "type": "C",
            "created": 1606723336,
            "user": "UHUUD9ERZ",
            "owner": "UHUUD9ERZ"
        },
        {
            "id": "1606774161.000400",
            "type": "C",
            "created": 1606774170,
            "user": "UHUUD9ERZ",
            "owner": "UHUUD9ERZ"
        },
        {
            "id": "1615231471.010600",
            "type": "C",
            "created": 1615231717,
            "user": "U01G6KK5VNG",
            "owner": "U01G6KK5VNG"
        },
        {
            "id": "1630445722.006700",
            "type": "C",
            "created": 1630445729,
            "user": "UHUUD9ERZ",
            "owner": "UHUUD9ERZ"
        },
        {
            "id": "1635267503.080100",
            "type": "C",
            "created": 1635267510,
            "user": "UHUUD9ERZ",
            "owner": "UHUUD9ERZ"
        },
        {
            "id": "1639508327.160600",
            "type": "C",
            "created": 1639508876,
            "user": "UHUUD9ERZ",
            "owner": "U01SQMKSKL6"
        },
        {
            "id": "1639525247.167800",
            "type": "C",
            "created": 1639525252,
            "user": "UHUUD9ERZ",
            "owner": "UHUUD9ERZ"
        },
        {
            "id": "1651681799.783649",
            "type": "C",
            "created": 1651681826,
            "user": "U01Q6S6RYDC",
            "owner": "UHUUD9ERZ"
        },
        {
            "id": "1651694596.492339",
            "type": "C",
            "created": 1651707403,
            "user": "U01Q6S6RYDC",
            "owner": "UHUUD9ERZ"
        },
        {
            "id": "1654464561.279609",
            "type": "C",
            "created": 1654475082,
            "user": "UHUUD9ERZ",
            "owner": "UHUUD9ERZ"
        },
        {
            "id": "1695840676.833239",
            "type": "C",
            "created": 1695842917,
            "user": "UHUUD9ERZ",
            "owner": "U02QMS0U79A"
        }
    ],
    "topic": {
        "value": "LT Mktg: <https:\/\/shorturl.at\/ilxM3>\n2023 Decks: <https:\/\/drive.google.com\/drive\/folders\/10RwbcP8orjddE6yYbfMrj5drX2SiPUyt?usp=drive_link>\nTaiga: <https:\/\/taiga.whatscookin.us\/project\/design-1\/timeline>\nWiki: <https:\/\/bit.ly\/2Tucwgt>",
        "creator": "U02QMS0U79A",
        "last_set": 1696094408
    },
    "purpose": {
        "value": "outreach, branding, website, marketing",
        "creator": "UHUUD9ERZ",
        "last_set": 1559603510
    }
},
{
    "id": "C01N20M6BK4",
    "name": "ci-cookin-backend",
    "created": 1613286951,
    "creator": "UMAGDDC57",
    "is_archived": false,
    "is_general": false,
    "members": [
        "UMAGDDC57",
        "U016YUNE4CQ",
        "U01HHQXCX6K",
        "U01MBT3S9LG",
        "U02QMS0U79A",
        "U053Y4130SH",
        "U068HMGE8DB"
    ],
    "topic": {
        "value": "",
        "creator": "",
        "last_set": 0
    },
    "purpose": {
        "value": "Continuous Integration Cookin Repo",
        "creator": "UMAGDDC57",
        "last_set": 1613286978
    }
},
{
    "id": "C030ESHBN0H",
    "name": "standup",
    "created": 1643105906,
    "creator": "UHUUD9ERZ",
    "is_archived": false,
    "is_general": false,
    "members": [
        "UHUUD9ERZ",
        "UHUUH1UN7",
        "UJ0DBUFPT",
        "UJ1H5LXB3",
        "UJB38NSG3",
        "UJBJAQSSU",
        "UJWMSLD7U",
        "ULW9P11PU",
        "ULZP13CNP",
        "UM2KYA709",
        "UM4MTJL2F",
        "UMAGDDC57",
        "UMCHBH1V2",
        "UMJFQ5H5L",
        "UMLDS73G8",
        "URELMDPNH",
        "US0LLHCGP",
        "U0108668HK5",
        "U0112R5KHH6",
        "U013V93734K",
        "U015BBLM97U",
        "U016YUNE4CQ",
        "U017SF2MU8M",
        "U017U79JFRQ",
        "U018WFVEB17",
        "U01G6KK5VNG",
        "U01LSU3KZAM",
        "U01MBT3S9LG",
        "U01NPMZD1NC",
        "U01P14TGU7Q",
        "U01Q6S6RYDC",
        "U01R220V15X",
        "U01RT5B4QNS",
        "U01S6FARJBH",
        "U01SQMKSKL6",
        "U01UBCHT72M",
        "U01V0UBMT50",
        "U01V5H4804R",
        "U020N08KML2",
        "U021NFSD869",
        "U021S3M0ZGA",
        "U022KAJ4J1M",
        "U0230J6TL4A",
        "U023GKNPGSH",
        "U024AM6802Y",
        "U0259E9DUMV",
        "U025HQ4LZ7C",
        "U027PFVVCMB",
        "U029VB33JSF",
        "U029VB9A9J7",
        "U02AU85TSFP",
        "U02B0GRBZ5L",
        "U02BDM9TSQ3",
        "U02FCJFBFM5",
        "U02FQ9T2NAZ",
        "U02FTA3SXT5",
        "U02GD8RJ2LB",
        "U02GGFV35LP",
        "U02KY1K26SD",
        "U02QMS0U79A",
        "U02SRPBDUBF",
        "U02SW9JRTQD",
        "U02T021JJ66",
        "U02T5PSP82J",
        "U02TBSRKQ01",
        "U02TJDEBRG8",
        "U02ULNRHJ3B",
        "U02UN6GGE79",
        "U031QU9RDCP",
        "U032F1C146Q",
        "U034520EKQE",
        "U03FF0Y308M",
        "U03FHTP40UA",
        "U03FNKVHPGT",
        "U045WTAM7ML",
        "U0460HH0D45",
        "U04HAE0RHUN",
        "U04HDTA7EG2",
        "U04HEDUJWD8",
        "U04HFKKQVST",
        "U04HGS2SF0A",
        "U04HX5ZRSAK",
        "U04HYPLJM8B",
        "U04J0B68AHX",
        "U04J46FLRDZ",
        "U04J4LZM32A",
        "U04J54RF2S2",
        "U04J8BDS9M3",
        "U04J8C10FV3",
        "U04JB4HPS6P",
        "U04JBP5NND8",
        "U04JME39R1B",
        "U04JQC5HSNM",
        "U04K0CF73HT",
        "U04K1CLH77S",
        "U04K31PEU0H",
        "U04K6C10R8Q",
        "U04NPBF1H6J",
        "U04P7KX6UAC",
        "U04PL58FNSF",
        "U04SHND3W3E",
        "U04STTC5ALR",
        "U05259BAJSV",
        "U052YQLT8Q2",
        "U053Y4130SH",
        "U053Z2ZHPHB",
        "U05AC7CD6G3",
        "U05DF9A0UBW",
        "U05E71E0QR3",
        "U05E9RW6ZGT",
        "U05J1GDE274",
        "U05JBSXGR4L",
        "U05KYFG48GH",
        "U05M200M5FB",
        "U05SY3T2ZT6",
        "U0649CND63T",
        "U0654C28M5Z",
        "U065H9USF0E",
        "U066ZSWGJBS",
        "U067PAW5526",
        "U067PAWMTL2",
        "U068HMGE8DB",
        "U068N5LLHFU",
        "U068XMFG6UF",
        "U069UCY6WPL",
        "U06BB6CKB40",
        "U06CLBBMD40",
        "U06E4NV0FSS",
        "U06EW4LSB1T",
        "U06F5QK5FCM",
        "U06F8MCRHKQ",
        "U06G424L9DE",
        "U06HYGZPRF1",
        "U06JURCT58Q",
        "U06JWKYFTC0",
        "U06MHPA4FJN",
        "U06QF82GLJC",
        "U06SXDBGD8W",
        "U0704QZ6PNK",
        "U07053ZHGFK",
        "U071AUVRX3P",
        "U072B9A97GV",
        "U072E3ARVQB",
        "U072E6MES3C",
        "U072SS7UTCH",
        "U07330EPUAC",
        "U07330GLHUY",
        "U073EG0KWJ3",
        "U073FM6SXT5",
        "U073TSLM8LE",
        "U07624LT6SG",
        "U078NBR46H0",
        "U079BGE2X6Y",
        "U07A4GV2JPN",
        "U07DR4R0KLK"
    ],
    "pins": [
        {
            "id": "1678732131.428179",
            "type": "C",
            "created": 1678732134,
            "user": "UHUUD9ERZ",
            "owner": "UHUUD9ERZ"
        },
        {
            "id": "1678985652.958899",
            "type": "C",
            "created": 1678985684,
            "user": "U02QMS0U79A",
            "owner": "U02QMS0U79A"
        },
        {
            "id": "1688480025.606339",
            "type": "C",
            "created": 1688487835,
            "user": "U01Q6S6RYDC",
            "owner": "UHUUD9ERZ"
        },
        {
            "id": "1688750717.555929",
            "type": "C",
            "created": 1688795806,
            "user": "U03FNKVHPGT",
            "owner": "U01Q6S6RYDC"
        },
        {
            "id": "1720377613.882749",
            "type": "C",
            "created": 1720377630,
            "user": "UHUUD9ERZ",
            "owner": "UHUUD9ERZ"
        }
    ],
    "topic": {
        "value": "",
        "creator": "",
        "last_set": 0
    },
    "purpose": {
        "value": "",
        "creator": "",
        "last_set": 0
    }
},
{
    "id": "C03F08Z3HD2",
    "name": "c-linked-trust",
    "created": 1652246316,
    "creator": "UHUUD9ERZ",
    "is_archived": false,
    "is_general": false,
    "members": [
        "UHUUD9ERZ",
        "ULW9P11PU",
        "ULZP13CNP",
        "UM2KYA709",
        "UMAGDDC57",
        "USJS8EE68",
        "U0112R5KHH6",
        "U016YUNE4CQ",
        "U017U79JFRQ",
        "U01G6KK5VNG",
        "U01MBT3S9LG",
        "U01NPMZD1NC",
        "U01Q6S6RYDC",
        "U01S6FARJBH",
        "U01SQMKSKL6",
        "U020N08KML2",
        "U022KAJ4J1M",
        "U0259E9DUMV",
        "U025HQ4LZ7C",
        "U027PFVVCMB",
        "U029VB9A9J7",
        "U02AU85TSFP",
        "U02FCJFBFM5",
        "U02GD8RJ2LB",
        "U02QMS0U79A",
        "U031QU9RDCP",
        "U032F1C146Q",
        "U03FHTP40UA",
        "U03FNKVHPGT",
        "U04HEDUJWD8",
        "U04HYPLJM8B",
        "U04J0B68AHX",
        "U04J4LZM32A",
        "U04J8BDS9M3",
        "U04JB4HPS6P",
        "U04K1CLH77S",
        "U04NPBF1H6J",
        "U04PL58FNSF",
        "U04STTC5ALR",
        "U05259BAJSV",
        "U052YQLT8Q2",
        "U053Y4130SH",
        "U05AC7CD6G3",
        "U05E71E0QR3",
        "U05E9RW6ZGT",
        "U05J1GDE274",
        "U05M200M5FB",
        "U0654C28M5Z",
        "U065H9USF0E",
        "U068HMGE8DB",
        "U068N5LLHFU",
        "U068XMFG6UF",
        "U069UCY6WPL",
        "U06CLBBMD40",
        "U06F5QK5FCM",
        "U06F8MCRHKQ",
        "U06G424L9DE",
        "U07053ZHGFK",
        "U072B9A97GV",
        "U072E6MES3C",
        "U072SS7UTCH",
        "U07330EPUAC",
        "U073EG0KWJ3",
        "U073FM6SXT5",
        "U07A4GV2JPN",
        "U07DR4R0KLK"
    ],
    "pins": [
        {
            "id": "1704893412.968109",
            "type": "C",
            "created": 1704893481,
            "user": "U01G6KK5VNG",
            "owner": "U01G6KK5VNG"
        },
        {
            "id": "1718289639.440269",
            "type": "C",
            "created": 1718289733,
            "user": "UHUUD9ERZ",
            "owner": "UHUUD9ERZ"
        }
    ],
    "topic": {
        "value": "Here is the LinkTrust project master document. All information will be here.\n<https:\/\/docs.google.com\/document\/d\/1mzGE0sDShzvjRd-fJlU5hFZbwnvzpM4XSzmTUaBj_gE\/edit?usp=sharing>\n\nTaiga board: <https:\/\/taiga.whatscookin.us\/project\/linkedtrust-1\/kanban>",
        "creator": "U06CLBBMD40",
        "last_set": 1712914824
    },
    "purpose": {
        "value": "We are focused on a demo like <http:\/\/trustclaims.whatscookin.us|trustclaims.whatscookin.us> but for impact validation, that will occur on April 13.",
        "creator": "U01G6KK5VNG",
        "last_set": 1702295740
    }
},
{
    "id": "C03K3MJPATG",
    "name": "d-strategy",
    "created": 1655048317,
    "creator": "UHUUD9ERZ",
    "is_archived": false,
    "is_general": false,
    "members": [
        "UHUUD9ERZ",
        "UJBJAQSSU",
        "ULW9P11PU",
        "ULZP13CNP",
        "UM2KYA709",
        "UMAGDDC57",
        "UPKDY7JC9",
        "U017U79JFRQ",
        "U01G6KK5VNG",
        "U01NPMZD1NC",
        "U01Q6S6RYDC",
        "U01RT5B4QNS",
        "U01S6FARJBH",
        "U01SQMKSKL6",
        "U01UBCHT72M",
        "U022KAJ4J1M",
        "U024AM6802Y",
        "U0259E9DUMV",
        "U025HQ4LZ7C",
        "U027PFVVCMB",
        "U029VB9A9J7",
        "U02AU85TSFP",
        "U02FCJFBFM5",
        "U02FQ9T2NAZ",
        "U02FTA3SXT5",
        "U02GD8RJ2LB",
        "U02QMS0U79A",
        "U02T5PSP82J",
        "U031QU9RDCP",
        "U032F1C146Q",
        "U03FHTP40UA",
        "U03FNKVHPGT",
        "U04HFKKQVST",
        "U04J4LZM32A",
        "U04J8BDS9M3",
        "U04JB4HPS6P",
        "U04K0CF73HT",
        "U04K1CLH77S",
        "U04NPBF1H6J",
        "U04PL58FNSF",
        "U04STTC5ALR",
        "U05259BAJSV",
        "U052YQLT8Q2",
        "U053Y4130SH",
        "U05E9RW6ZGT",
        "U05SY3T2ZT6",
        "U066ZSWGJBS",
        "U068HMGE8DB",
        "U068N5LLHFU",
        "U068XMFG6UF",
        "U069UCY6WPL",
        "U06CLBBMD40",
        "U06F5QK5FCM",
        "U06JURCT58Q",
        "U06JWKYFTC0",
        "U06MHPA4FJN",
        "U06QF82GLJC",
        "U06SXDBGD8W",
        "U07053ZHGFK",
        "U072E6MES3C",
        "U072SS7UTCH",
        "U073EG0KWJ3",
        "U073FM6SXT5",
        "U073TSLM8LE",
        "U07624LT6SG",
        "U07A4GV2JPN",
        "U07DR4R0KLK"
    ],
    "pins": [
        {
            "id": "1656311073.418119",
            "type": "C",
            "created": 1656311078,
            "user": "UHUUD9ERZ",
            "owner": "UHUUD9ERZ"
        },
        {
            "id": "1661874484.096459",
            "type": "C",
            "created": 1661874488,
            "user": "UHUUD9ERZ",
            "owner": "UHUUD9ERZ"
        },
        {
            "id": "1672760931.254279",
            "type": "C",
            "created": 1672760936,
            "user": "UHUUD9ERZ",
            "owner": "UHUUD9ERZ"
        },
        {
            "id": "1682707108.028629",
            "type": "C",
            "created": 1682707115,
            "user": "U01Q6S6RYDC",
            "owner": "U01Q6S6RYDC"
        },
        {
            "id": "1686326653.056409",
            "type": "C",
            "created": 1686326656,
            "user": "UHUUD9ERZ",
            "owner": "UHUUD9ERZ"
        },
        {
            "id": "1692290787.797679",
            "type": "C",
            "created": 1692290876,
            "user": "UHUUD9ERZ",
            "owner": "UHUUD9ERZ"
        },
        {
            "id": "1693846189.184719",
            "type": "C",
            "created": 1693846288,
            "user": "UHUUD9ERZ",
            "owner": "UHUUD9ERZ"
        },
        {
            "id": "1696401243.015559",
            "type": "C",
            "created": 1696401249,
            "user": "UHUUD9ERZ",
            "owner": "UHUUD9ERZ"
        },
        {
            "id": "1697555537.190199",
            "type": "C",
            "created": 1697555540,
            "user": "UHUUD9ERZ",
            "owner": "UHUUD9ERZ"
        },
        {
            "id": "1705364954.282299",
            "type": "C",
            "created": 1705364959,
            "user": "UHUUD9ERZ",
            "owner": "UHUUD9ERZ"
        },
        {
            "id": "1709072641.154989",
            "type": "C",
            "created": 1709072690,
            "user": "UHUUD9ERZ",
            "owner": "UHUUD9ERZ"
        },
        {
            "id": "1711734637.009419",
            "type": "C",
            "created": 1711734641,
            "user": "UHUUD9ERZ",
            "owner": "UHUUD9ERZ"
        },
        {
            "id": "1720401854.571289",
            "type": "C",
            "created": 1720401860,
            "user": "UHUUD9ERZ",
            "owner": "UHUUD9ERZ"
        },
        {
            "id": "1721932614.988079",
            "type": "C",
            "created": 1721932619,
            "user": "UHUUD9ERZ",
            "owner": "UHUUD9ERZ"
        }
    ],
    "topic": {
        "value": "",
        "creator": "",
        "last_set": 0
    },
    "purpose": {
        "value": "Grant applications in progress",
        "creator": "UHUUD9ERZ",
        "last_set": 1655048317
    }
},
{
    "id": "C03LXBCS7GS",
    "name": "learning-exploring",
    "created": 1656001379,
    "creator": "UHUUD9ERZ",
    "is_archived": false,
    "is_general": false,
    "members": [
        "UHUUD9ERZ",
        "ULZP13CNP",
        "UM2KYA709",
        "UMAGDDC57",
        "U016YUNE4CQ",
        "U017U79JFRQ",
        "U01G6KK5VNG",
        "U01Q6S6RYDC",
        "U01RT5B4QNS",
        "U01S6FARJBH",
        "U01SQMKSKL6",
        "U01UBCHT72M",
        "U022KAJ4J1M",
        "U025HQ4LZ7C",
        "U027PFVVCMB",
        "U029VB9A9J7",
        "U02AU85TSFP",
        "U02FCJFBFM5",
        "U02FQ9T2NAZ",
        "U02GD8RJ2LB",
        "U02QMS0U79A",
        "U02T5PSP82J",
        "U031QU9RDCP",
        "U032F1C146Q",
        "U03FF0Y308M",
        "U03FHTP40UA",
        "U03FNKVHPGT",
        "U04HAE0RHUN",
        "U04HX5ZRSAK",
        "U04HYPLJM8B",
        "U04J4LZM32A",
        "U04J54RF2S2",
        "U04J8BDS9M3",
        "U04J8C10FV3",
        "U04JB4HPS6P",
        "U04JQC5HSNM",
        "U04K1CLH77S",
        "U04NPBF1H6J",
        "U04PL58FNSF",
        "U052YQLT8Q2",
        "U053Y4130SH",
        "U05KYFG48GH",
        "U05SY3T2ZT6",
        "U0654C28M5Z",
        "U065H9USF0E",
        "U066ZSWGJBS",
        "U068HMGE8DB",
        "U068N5LLHFU",
        "U068XMFG6UF",
        "U06E4NV0FSS",
        "U06F5QK5FCM",
        "U07330GLHUY",
        "U073FM6SXT5",
        "U073TSLM8LE",
        "U07A4GV2JPN",
        "U07DR4R0KLK"
    ],
    "pins": [
        {
            "id": "1705944645.190619",
            "type": "C",
            "created": 1705944648,
            "user": "UHUUD9ERZ",
            "owner": "UHUUD9ERZ"
        }
    ],
    "topic": {
        "value": "",
        "creator": "",
        "last_set": 0
    },
    "purpose": {
        "value": "",
        "creator": "",
        "last_set": 0
    }
},
{
    "id": "C0542PFPVM5",
    "name": "c-tru",
    "created": 1682220147,
    "creator": "UHUUD9ERZ",
    "is_archived": false,
    "is_general": false,
    "members": [
        "UHUUD9ERZ",
        "UJBJAQSSU",
        "ULW9P11PU",
        "U01NPMZD1NC",
        "U01Q6S6RYDC",
        "U01S6FARJBH",
        "U022KAJ4J1M",
        "U025HQ4LZ7C",
        "U02FCJFBFM5",
        "U02QMS0U79A",
        "U03FHTP40UA",
        "U03FNKVHPGT",
        "U04K1CLH77S",
        "U04NPBF1H6J",
        "U04PL58FNSF",
        "U05259BAJSV",
        "U052YQLT8Q2",
        "U053Y4130SH",
        "U05SY3T2ZT6",
        "U068HMGE8DB",
        "U068N5LLHFU",
        "U073TSLM8LE"
    ],
    "pins": [
        {
            "id": "1688492926.995099",
            "type": "C",
            "created": 1688492940,
            "user": "U04K1CLH77S",
            "owner": "U04K1CLH77S"
        },
        {
            "id": "1702534428.504909",
            "type": "C",
            "created": 1702534530,
            "user": "U04K1CLH77S",
            "owner": "U04K1CLH77S"
        }
    ],
    "topic": {
        "value": "",
        "creator": "",
        "last_set": 0
    },
    "purpose": {
        "value": "for the TRU\/jlinc project with Jim Fournier and Surya",
        "creator": "UHUUD9ERZ",
        "last_set": 1682220148
    }
},
{
    "id": "C0636DCRT45",
    "name": "c-t3",
    "created": 1698557022,
    "creator": "UHUUD9ERZ",
    "is_archived": false,
    "is_general": false,
    "members": [
        "UHUUD9ERZ",
        "UMAGDDC57",
        "U01G6KK5VNG",
        "U01NPMZD1NC",
        "U01S6FARJBH",
        "U020N08KML2",
        "U022KAJ4J1M",
        "U025HQ4LZ7C",
        "U02FCJFBFM5",
        "U02GD8RJ2LB",
        "U02QMS0U79A",
        "U04JB4HPS6P",
        "U04K1CLH77S",
        "U04NPBF1H6J",
        "U052YQLT8Q2",
        "U053Y4130SH",
        "U065H9USF0E",
        "U067PAW5526",
        "U067PAWMTL2",
        "U068HMGE8DB",
        "U068N5LLHFU",
        "U068XMFG6UF",
        "U06F5QK5FCM",
        "U07330GLHUY",
        "U073FM6SXT5"
    ],
    "pins": [
        {
            "id": "1698756662.054859",
            "type": "C",
            "created": 1700435466,
            "user": "U01G6KK5VNG",
            "owner": "U01G6KK5VNG"
        },
        {
            "id": "1705379690.927169",
            "type": "C",
            "created": 1705379696,
            "user": "UHUUD9ERZ",
            "owner": "UHUUD9ERZ"
        },
        {
            "id": "1706896464.569429",
            "type": "C",
            "created": 1706896470,
            "user": "UHUUD9ERZ",
            "owner": "UHUUD9ERZ"
        },
        {
            "id": "1711371309.839819",
            "type": "C",
            "created": 1711587680,
            "user": "U01G6KK5VNG",
            "owner": "U01G6KK5VNG"
        },
        {
            "id": "1711587649.943309",
            "type": "C",
            "created": 1711587663,
            "user": "U01G6KK5VNG",
            "owner": "U01G6KK5VNG"
        }
    ],
    "topic": {
        "value": "Here is the T3 project master document. All information will be here.\n<https:\/\/docs.google.com\/document\/d\/1LuWzakMZZXLq5eBlDPtoZU5GlxPRe2G48QqCkYcf0kY\/edit#heading=h.p8ox96criiab>\n\n <https:\/\/taiga.whatscookin.us\/project\/t3-project\/timeline>",
        "creator": "UHUUD9ERZ",
        "last_set": 1710856183
    },
    "purpose": {
        "value": "",
        "creator": "",
        "last_set": 0
    }
},
{
    "id": "C063N0GTN2V",
    "name": "c-anoncreds",
    "created": 1698557050,
    "creator": "UHUUD9ERZ",
    "is_archived": false,
    "is_general": false,
    "members": [
        "UHUUD9ERZ",
        "UMAGDDC57",
        "U01NPMZD1NC",
        "U02FCJFBFM5",
        "U02GD8RJ2LB",
        "U02QMS0U79A",
        "U053Y4130SH",
        "U0654C28M5Z",
        "U065H9USF0E",
        "U068HMGE8DB",
        "U068N5LLHFU",
        "U072E6MES3C",
        "U07330GLHUY"
    ],
    "pins": [
        {
            "id": "1700285986.070709",
            "type": "C",
            "created": 1700285994,
            "user": "U04JB4HPS6P",
            "owner": "U04JB4HPS6P"
        },
        {
            "id": "1705435420.094109",
            "type": "C",
            "created": 1705444024,
            "user": "U02GD8RJ2LB",
            "owner": "U04JB4HPS6P"
        },
        {
            "id": "1710212796.001759",
            "type": "C",
            "created": 1710338157,
            "user": "UHUUD9ERZ",
            "owner": "U053Y4130SH"
        },
        {
            "id": "1710212824.243919",
            "type": "C",
            "created": 1710212833,
            "user": "U053Y4130SH",
            "owner": "U053Y4130SH"
        },
        {
            "id": "1710269390.740969",
            "type": "C",
            "created": 1710338053,
            "user": "UHUUD9ERZ",
            "owner": "U053Y4130SH"
        },
        {
            "id": "1710316844.532809",
            "type": "C",
            "created": 1710316857,
            "user": "UHUUD9ERZ",
            "owner": "UHUUD9ERZ"
        },
        {
            "id": "1710349054.843289",
            "type": "C",
            "created": 1710349060,
            "user": "UHUUD9ERZ",
            "owner": "UHUUD9ERZ"
        },
        {
            "id": "1710823184.759879",
            "type": "C",
            "created": 1711470686,
            "user": "U02GD8RJ2LB",
            "owner": "UMAGDDC57"
        }
    ],
    "topic": {
        "value": "Anoncreds",
        "creator": "U04JB4HPS6P",
        "last_set": 1698637498
    },
    "purpose": {
        "value": "Anoncreds is a British Columbia #codewithus grant we got to integrate python\n\nHere’s a link to the resources gathered and would be of help for the project:\n\n<https:\/\/docs.google.com\/document\/d\/105Ux2XwzQcWZ8W5CCxDqg5BmqEKGfdizsfBIoRM6luM\/edit>",
        "creator": "U053Y4130SH",
        "last_set": 1705071229
    }
},
{
    "id": "C074227333J",
    "name": "candid",
    "created": 1715699265,
    "creator": "UHUUD9ERZ",
    "is_archived": false,
    "is_general": false,
    "members": [
        "UHUUD9ERZ",
        "U01NPMZD1NC",
        "U022KAJ4J1M",
        "U025HQ4LZ7C",
        "U02QMS0U79A",
        "U03FHTP40UA",
        "U04JB4HPS6P",
        "U068N5LLHFU",
        "U068XMFG6UF",
        "U069UCY6WPL",
        "U06CLBBMD40",
        "U072B9A97GV"
    ],
    "pins": [
        {
            "id": "1716913878.187789",
            "type": "C",
            "created": 1716913925,
            "user": "UHUUD9ERZ",
            "owner": "UHUUD9ERZ"
        },
        {
            "id": "1718108039.896969",
            "type": "C",
            "created": 1718827476,
            "user": "U068N5LLHFU",
            "owner": "U068N5LLHFU"
        }
    ],
    "topic": {
        "value": "",
        "creator": "",
        "last_set": 0
    },
    "purpose": {
        "value": "",
        "creator": "",
        "last_set": 0
    }
}
]