[
{"user_id":0,"user_name":"slack","date":1721965598,"change_type":"app_collaborator_added","app_type":"AI-RAG","app_id":"A07EJ6XLLV7"},
{"user_id":"U07A4GV2JPN","user_name":"anuja.chivate67","date":1720580945,"change_type":"added","app_type":"Loom","app_id":"A9G1TH4S2","scope":"identity.basic,identity.email,identity.avatar,identity.team"},
{"user_id":"U072B9A97GV","user_name":"kfattem","date":1719452795,"change_type":"added","app_type":"Loom","app_id":"A9G1TH4S2","scope":"identity.basic,identity.email"},
{"user_id":"U079BGE2X6Y","user_name":"danawmartinez","date":1719152651,"change_type":"added","app_type":"Loom","app_id":"A9G1TH4S2","scope":"identity.basic,identity.email,identity.avatar,identity.team"},
{"user_id":"U078NBR46H0","user_name":"usamananwar109","date":1719076568,"change_type":"added","app_type":"Loom","app_id":"A9G1TH4S2","scope":"identity.basic,identity.email"},
{"user_id":"U073FM6SXT5","user_name":"dev.mhany","date":1718037175,"change_type":"added","app_type":"Loom","app_id":"A9G1TH4S2","scope":"identity.basic,identity.email"},
{"user_id":"U072SS7UTCH","user_name":"sarraree5","date":1716827154,"change_type":"added","app_type":"Loom","app_id":"A9G1TH4S2","scope":"identity.basic,identity.email"},
{"user_id":"U068XMFG6UF","user_name":"dev.ahlamsayed","date":1716459869,"change_type":"added","app_type":"Loom","app_id":"A9G1TH4S2","scope":"identity.basic,identity.email"},
{"user_id":"U07330GLHUY","user_name":"emadanwer.official","date":1716312805,"change_type":"added","app_type":"Loom","app_id":"A9G1TH4S2","scope":"identity.basic,identity.email"},
{"user_id":"U06CLBBMD40","user_name":"engamalahmed021","date":1715699458,"change_type":"added","app_type":"Loom","app_id":"A9G1TH4S2","scope":"identity.basic,identity.email"},
{"user_id":"U072E6MES3C","user_name":"mahmoud.hamdy5113","date":1715127359,"change_type":"added","app_type":"Loom","app_id":"A9G1TH4S2","scope":"identity.basic,identity.email,identity.avatar,identity.team"},
{"user_id":"U053Y4130SH","user_name":"orjienekenechukwu","date":1713768999,"change_type":"expanded","app_type":"save_messages","app_id":"A070F3T5Q2C"},
{"user_id":"U053Y4130SH","user_name":"orjienekenechukwu","date":1713768284,"change_type":"expanded","app_type":"save_messages","app_id":"A070F3T5Q2C"},
{"user_id":"U053Y4130SH","user_name":"orjienekenechukwu","date":1713740331,"change_type":"expanded","app_type":"save_messages","app_id":"A070F3T5Q2C"},
{"user_id":"U053Y4130SH","user_name":"orjienekenechukwu","date":1713544818,"change_type":"added","app_type":"save_messages","app_id":"A070F3T5Q2C"},
{"user_id":"U053Y4130SH","user_name":"orjienekenechukwu","date":1713544785,"change_type":"removed","reason":"user_uninstalled_app","app_type":"Balsamiq","app_id":"A035P3HMKDZ","scope":"identify,channels:read,groups:read,channels:write,groups:write"},
{"user_id":"U053Y4130SH","user_name":"orjienekenechukwu","date":1713544785,"change_type":"removed","reason":"user_uninstalled_app","app_type":"Balsamiq","app_id":"A035P3HMKDZ"},
{"user_id":0,"user_name":"slack","date":1713543548,"change_type":"app_collaborator_added","app_type":"save_messages","app_id":"A070F3T5Q2C"},
{"user_id":"UHUUD9ERZ","user_name":"gvelez17","date":1711491374,"change_type":"added","app_type":"Atlassian","app_id":"A01T126NSG7","scope":"identity.basic,identity.email"},
{"user_id":"UHUUD9ERZ","user_name":"gvelez17","date":1710167233,"change_type":"added","app_type":"Lucid","app_id":"A01QUPTQRNX","scope":"openid,email,profile"},
{"user_id":"U068N5LLHFU","user_name":"omar.salah1597","date":1710166834,"change_type":"added","app_type":"Lucid","app_id":"A01QUPTQRNX","scope":"openid,email,profile"},
{"user_id":"U052YQLT8Q2","user_name":"amr.nabel3993","date":1710166773,"change_type":"added","app_type":"Lucid","app_id":"A01QUPTQRNX","scope":"openid,email,profile"},
{"user_id":"U068N5LLHFU","user_name":"omar.salah1597","date":1709917246,"change_type":"added","app_type":"Miro","app_id":"A8VK125AS","scope":"identity.basic,identity.email,identity.avatar"},
{"user_id":"U06JURCT58Q","user_name":"gjangiti","date":1709159109,"change_type":"added","app_type":"Loom","app_id":"A9G1TH4S2","scope":"identity.basic,identity.email,identity.avatar,identity.team"},
{"user_id":"U053Y4130SH","user_name":"orjienekenechukwu","date":1706775363,"change_type":"added","app_type":"Atlassian","app_id":"A01T126NSG7","scope":"identity.basic,identity.email"},
{"user_id":"UHUUD9ERZ","user_name":"gvelez17","date":1705416765,"change_type":"added","app_type":"Balsamiq","app_id":"A035P3HMKDZ"},
{"user_id":"UHUUD9ERZ","user_name":"gvelez17","date":1705416764,"change_type":"added","app_type":"Balsamiq","app_id":"A035P3HMKDZ","scope":"identify,channels:read,groups:read,channels:write,groups:write"},
{"user_id":"U04JB4HPS6P","user_name":"benjaminparish6","date":1702323117,"change_type":"added","app_type":"Lucid","app_id":"A01QUPTQRNX","scope":"openid,email,profile"},
{"user_id":"U02GD8RJ2LB","user_name":"thuraaung.variable","date":1701105043,"change_type":"added","app_type":"Lucid","app_id":"A01QUPTQRNX","scope":"openid,email,profile"},
{"user_id":"U02GD8RJ2LB","user_name":"thuraaung.variable","date":1701067122,"change_type":"added","app_type":"Loom","app_id":"A9G1TH4S2","scope":"identity.basic,identity.email"},
{"user_id":0,"user_name":"slack","date":1697758779,"change_type":"removed","service_id":937818460996,"service_type":"Twitter","scope":"incoming-webhook"},
{"user_id":"U01G6KK5VNG","user_name":"miriamgitonga2019","date":1695735376,"change_type":"added","app_type":"Loom","app_id":"A9G1TH4S2","scope":"identity.basic,identity.email"},
{"user_id":"U022KAJ4J1M","user_name":"blackgirlmagicmasters","date":1695332417,"change_type":"added","app_type":"Loom","app_id":"A9G1TH4S2","scope":"identity.basic,identity.email,identity.avatar,identity.team"},
{"user_id":"U02FCJFBFM5","user_name":"hanthu.thu18","date":1694625573,"change_type":"added","app_type":"Loom","app_id":"A9G1TH4S2","scope":"identity.basic,identity.email"},
{"user_id":"U04PL58FNSF","user_name":"romeobourne211","date":1693393169,"change_type":"added","app_type":"Loom","app_id":"A9G1TH4S2","scope":"identity.basic,identity.email"},
{"user_id":0,"user_name":"slack","date":1692567634,"change_type":"removed","reason":"user_deactivated","app_type":"Loom","app_id":"A9G1TH4S2","scope":"identity.basic,identity.email"},
{"user_id":"U05J1GDE274","user_name":"violasangut","date":1691657235,"change_type":"added","app_type":"Loom","app_id":"A9G1TH4S2","scope":"identity.basic,identity.email"},
{"user_id":"U05M200M5FB","user_name":"brendayw97","date":1691592853,"change_type":"added","app_type":"Loom","app_id":"A9G1TH4S2","scope":"identity.basic,identity.email,identity.avatar,identity.team"},
{"user_id":"U04STTC5ALR","user_name":"sebarratt","date":1689006783,"change_type":"added","app_type":"Loom","app_id":"A9G1TH4S2","scope":"identity.basic,identity.email"},
{"user_id":"U05E9RW6ZGT","user_name":"rithikha.rajamohan","date":1687924960,"change_type":"added","app_type":"Loom","app_id":"A9G1TH4S2","scope":"identity.basic,identity.email"},
{"user_id":"U04K1CLH77S","user_name":"koinangeagnes","date":1686730067,"change_type":"added","app_type":"Loom","app_id":"A9G1TH4S2","scope":"identity.basic,identity.email"},
{"user_id":"U052YQLT8Q2","user_name":"amr.nabel3993","date":1684850050,"change_type":"added","app_type":"Loom","app_id":"A9G1TH4S2","scope":"identity.basic,identity.email"},
{"user_id":"U03FHTP40UA","user_name":"ahmedabdelmenam534","date":1684846459,"change_type":"added","app_type":"Loom","app_id":"A9G1TH4S2","scope":"identity.basic,identity.email"},
{"user_id":"U04NPBF1H6J","user_name":"zakiaimran513","date":1683199819,"change_type":"added","app_type":"Loom","app_id":"A9G1TH4S2","scope":"identity.basic,identity.email"},
{"user_id":"U053Y4130SH","user_name":"orjienekenechukwu","date":1682434884,"change_type":"added","app_type":"Loom","app_id":"A9G1TH4S2","scope":"identity.basic,identity.email"},
{"user_id":"U02T021JJ66","user_name":"davidjacobs522","date":1681900451,"change_type":"added","app_type":"Loom","app_id":"A9G1TH4S2","scope":"identity.basic,identity.email"},
{"user_id":"ULW9P11PU","user_name":"mzaremskas","date":1681272843,"change_type":"added","app_type":"Loom","app_id":"A9G1TH4S2","scope":"identity.basic,identity.email"},
{"user_id":"UMAGDDC57","user_name":"sarthakvijayvergiya","date":1680945521,"change_type":"added","app_type":"Loom","app_id":"A9G1TH4S2","scope":"identity.basic,identity.email"},
{"user_id":"U05259BAJSV","user_name":"meena.momand5","date":1680941337,"change_type":"added","app_type":"Loom","app_id":"A9G1TH4S2","scope":"identity.basic,identity.email"},
{"user_id":"U01S6FARJBH","user_name":"dev.ahmedhany","date":1680639097,"change_type":"added","app_type":"Loom","app_id":"A9G1TH4S2","scope":"identity.basic,identity.email"},
{"user_id":"U03FNKVHPGT","user_name":"sahdasamier013","date":1680545743,"change_type":"added","app_type":"Loom","app_id":"A9G1TH4S2","scope":"identity.basic,identity.email"},
{"user_id":"U01Q6S6RYDC","user_name":"csanchez","date":1680545354,"change_type":"added","app_type":"Loom","app_id":"A9G1TH4S2","scope":"identity.basic,identity.email"},
{"user_id":"ULZP13CNP","user_name":"dev.ibrahembastawi","date":1680545293,"change_type":"added","app_type":"Loom","app_id":"A9G1TH4S2","scope":"identity.basic,identity.email"},
{"user_id":"U04HX5ZRSAK","user_name":"okohkachukwu","date":1674873193,"change_type":"added","app_type":"Slack Tooling Tokens Vendor","app_id":"A02F47USGGM","scope":"identify,app_configurations:read,app_configurations:write"},
{"user_id":0,"user_name":"slack","date":1674094272,"change_type":"disabled","reason":"channel_archive","service_id":1762671718673,"service_type":"App","scope":null},
{"user_id":0,"user_name":"slack","date":1674094033,"change_type":"disabled","reason":"channel_archive","service_id":2041426561751,"service_type":"App","scope":null},
{"user_id":0,"user_name":"slack","date":1674093904,"change_type":"disabled","reason":"channel_archive","service_id":1275661203426,"service_type":"App","scope":null},
{"user_id":0,"user_name":"slack","date":1674093904,"change_type":"disabled","reason":"channel_archive","service_id":1299467914080,"service_type":"App","scope":null},
{"user_id":0,"user_name":"slack","date":1674093637,"change_type":"disabled","reason":"channel_archive","service_id":2860926670999,"service_type":"Incoming WebHooks","scope":"incoming-webhook"},
{"user_id":0,"user_name":"slack","date":1672815537,"change_type":"disabled","reason":"channel_archive","service_id":3274926885587,"service_type":"App","scope":null},
{"user_id":"U01G6KK5VNG","user_name":"miriamgitonga2019","date":1664462467,"change_type":"added","app_type":"Standup & PTO tracking Bot | Sup","app_id":"A01SS9WN8V7","scope":"identity.basic,identity.email,identity.avatar,identity.team"},
{"user_id":"U02QMS0U79A","user_name":"aperezvalderrey","date":1663802071,"change_type":"added","app_type":"Loom","app_id":"A9G1TH4S2","scope":"identity.basic,identity.email"},
{"user_id":0,"user_name":"slack","date":1652232763,"change_type":"disabled","reason":"channel_archive","service_id":2867624708371,"service_type":"Incoming WebHooks","scope":"incoming-webhook"},
{"user_id":0,"user_name":"slack","date":1652232634,"change_type":"disabled","reason":"channel_archive","service_id":1925945109602,"service_type":"Incoming WebHooks","scope":"incoming-webhook"},
{"user_id":0,"user_name":"slack","date":1652232594,"change_type":"disabled","reason":"channel_archive","service_id":2097179959076,"service_type":"App","scope":null},
{"user_id":0,"user_name":"slack","date":1652232474,"change_type":"disabled","reason":"channel_archive","service_id":2860911333238,"service_type":"Incoming WebHooks","scope":"incoming-webhook"},
{"user_id":0,"user_name":"slack","date":1652232474,"change_type":"disabled","reason":"channel_archive","service_id":2858110130294,"service_type":"Incoming WebHooks","scope":"incoming-webhook"},
{"user_id":0,"user_name":"slack","date":1652232474,"change_type":"disabled","reason":"channel_archive","service_id":2849648647527,"service_type":"Incoming WebHooks","scope":"incoming-webhook"},
{"user_id":"U02GGFV35LP","user_name":"chris","date":1651773080,"change_type":"added","app_type":"Miro","app_id":"A8VK125AS","scope":"identity.basic,identity.email,identity.avatar,identity.team"},
{"user_id":"ULW9P11PU","user_name":"mzaremskas","date":1651631255,"change_type":"added","app_type":"Miro","app_id":"A8VK125AS","scope":"identity.basic,identity.email,identity.avatar,identity.team"},
{"user_id":"U01S6FARJBH","user_name":"dev.ahmedhany","date":1651595931,"change_type":"added","app_type":"Miro","app_id":"A8VK125AS","scope":"identity.basic,identity.email,identity.avatar,identity.team"},
{"user_id":"U01Q6S6RYDC","user_name":"csanchez","date":1651594654,"change_type":"added","app_type":"Miro","app_id":"A8VK125AS","scope":"identity.basic,identity.email,identity.avatar,identity.team"},
{"user_id":"U02UN6GGE79","user_name":"gauravbhandari824","date":1651496672,"change_type":"added","service_id":3464061061621,"service_type":"Incoming WebHooks","scope":"incoming-webhook","channel":"private"},
{"user_id":"U025HQ4LZ7C","user_name":"rbhandari141","date":1649771945,"change_type":"added","app_type":"Miro","app_id":"A8VK125AS","scope":"identity.basic,identity.email,identity.avatar,identity.team"},
{"user_id":"U02FCJFBFM5","user_name":"hanthu.thu18","date":1648836034,"change_type":"added","app_type":"Google Drive","app_id":"A6NL8MJ6Q","scope":"identify,bot,channels:read,files:read,team:read,users:read,users:read.email,chat:write:bot,links:read"},
{"user_id":"UMAGDDC57","user_name":"sarthakvijayvergiya","date":1647942573,"change_type":"expanded","app_type":"Cookin-Devops","app_id":"A017X36CXML"},
{"user_id":"UM2KYA709","user_name":"chowdhury.sami.al","date":1647548658,"change_type":"added","app_type":"Google Drive","app_id":"A6NL8MJ6Q","scope":"identify,bot,channels:read,files:read,team:read,users:read,users:read.email,chat:write:bot,links:read"},
{"user_id":"UHUUD9ERZ","user_name":"gvelez17","date":1646690257,"change_type":"added","app_type":"Bloomberg Beta Slack","app_id":"A8GGH8KCL","scope":"identify,bot,channels:read,groups:read,channels:write,groups:write"},
{"user_id":"UHUUD9ERZ","user_name":"gvelez17","date":1646690198,"change_type":"disabled","reason":"user","service_id":1038251475718,"service_type":"Google+ Hangouts","scope":"commands"},
{"user_id":"U0259E9DUMV","user_name":"nihalahamed990","date":1642696732,"change_type":"removed","reason":"user_deactivated","app_type":"Miro","app_id":"A8VK125AS","scope":"identity.basic,identity.email,identity.avatar,identity.team"},
{"user_id":"U0259E9DUMV","user_name":"nihalahamed990","date":1642696674,"change_type":"removed","reason":"user_deactivated","app_type":"Miro","app_id":"A8VK125AS","scope":"identity.basic,identity.email,identity.avatar,identity.team"},
{"user_id":"U0259E9DUMV","user_name":"nihalahamed990","date":1642625606,"change_type":"removed","reason":"user_deactivated","app_type":"Google Calendar","app_id":"ADZ494LHY","scope":"identify,users.profile:write"},
{"user_id":0,"user_name":"slack","date":1642581206,"change_type":"removed","reason":"team_downgrade","app_type":"Zapier","app_id":"A024R9PQM"},
{"user_id":0,"user_name":"slack","date":1642581205,"change_type":"removed","reason":"team_downgrade","app_type":"Zapier","app_id":"A024R9PQM","scope":"identify,channels:history,groups:history,channels:read,emoji:read,files:read,groups:read,reactions:read,search:read,stars:read,team:read,users:read,users:read.email,channels:write,chat:write,files:write,groups:write,im:write,mpim:write,reminders:write,users.profile:write"},
{"user_id":0,"user_name":"slack","date":1642581204,"change_type":"removed","reason":"team_downgrade","app_type":"Google Drive","app_id":"A6NL8MJ6Q","scope":"identify,bot,channels:read,files:read,team:read,users:read,users:read.email,chat:write:bot,links:read"},
{"user_id":0,"user_name":"slack","date":1642581204,"change_type":"removed","reason":"team_downgrade","app_type":"Vote","app_id":"A0K2DR88N","scope":"identify,commands"},
{"user_id":0,"user_name":"slack","date":1642581203,"change_type":"removed","reason":"team_downgrade","app_type":"Google Drive","app_id":"A6NL8MJ6Q","scope":"identify,bot,channels:read,files:read,team:read,users:read,users:read.email,chat:write:bot,links:read"},
{"user_id":0,"user_name":"slack","date":1642581203,"change_type":"removed","reason":"team_downgrade","app_type":"Google Drive","app_id":"A6NL8MJ6Q","scope":"identify,bot,channels:read,files:read,team:read,users:read,users:read.email,chat:write:bot,links:read"},
{"user_id":0,"user_name":"slack","date":1642581203,"change_type":"removed","reason":"team_downgrade","app_type":"Google Drive","app_id":"A6NL8MJ6Q","scope":"identify,bot,channels:read,files:read,team:read,users:read,users:read.email,chat:write:bot,links:read"},
{"user_id":0,"user_name":"slack","date":1642581203,"change_type":"removed","reason":"team_downgrade","app_type":"Google Drive","app_id":"A6NL8MJ6Q","scope":"identify,bot,channels:read,files:read,team:read,users:read,users:read.email,chat:write:bot,links:read"},
{"user_id":"UHUUD9ERZ","user_name":"gvelez17","date":1640561571,"change_type":"added","app_type":"Zapier","app_id":"A024R9PQM"},
{"user_id":"UHUUD9ERZ","user_name":"gvelez17","date":1640561570,"change_type":"added","app_type":"Zapier","app_id":"A024R9PQM","scope":"identify,channels:history,groups:history,channels:read,emoji:read,files:read,groups:read,reactions:read,search:read,stars:read,team:read,users:read,users:read.email,channels:write,chat:write,files:write,groups:write,im:write,mpim:write,reminders:write,users.profile:write"},
{"user_id":"U0259E9DUMV","user_name":"nihalahamed990","date":1640214702,"change_type":"added","service_id":2860926670999,"service_type":"Incoming WebHooks","scope":"incoming-webhook","channel":"C02RTQ3RTB6"},
{"user_id":"U0259E9DUMV","user_name":"nihalahamed990","date":1640214532,"change_type":"removed","service_id":2877823760932,"service_type":"Incoming WebHooks","scope":"incoming-webhook","channel":"C02RTQ3RTB6"},
{"user_id":"U0259E9DUMV","user_name":"nihalahamed990","date":1640214485,"change_type":"added","service_id":2877823760932,"service_type":"Incoming WebHooks","scope":"incoming-webhook","channel":"C02RTQ3RTB6"},
{"user_id":"UHUUD9ERZ","user_name":"gvelez17","date":1640186645,"change_type":"added","app_type":"Vote","app_id":"A0K2DR88N","scope":"identify,commands"},
{"user_id":"U0259E9DUMV","user_name":"nihalahamed990","date":1640080793,"change_type":"added","service_id":2867624708371,"service_type":"Incoming WebHooks","scope":"incoming-webhook","channel":"C026PP6D2QJ"},
{"user_id":"U0259E9DUMV","user_name":"nihalahamed990","date":1640080761,"change_type":"added","service_id":2860911333238,"service_type":"Incoming WebHooks","scope":"incoming-webhook","channel":"C028EUP9BMZ"},
{"user_id":"U0259E9DUMV","user_name":"nihalahamed990","date":1640024708,"change_type":"added","service_id":2858110130294,"service_type":"Incoming WebHooks","scope":"incoming-webhook","channel":"C028EUP9BMZ"},
{"user_id":"U0259E9DUMV","user_name":"nihalahamed990","date":1640018374,"change_type":"added","service_id":2849648647527,"service_type":"Incoming WebHooks","scope":"incoming-webhook","channel":"C028EUP9BMZ"},
{"user_id":"UHUUD9ERZ","user_name":"gvelez17","date":1638044099,"change_type":"added","app_type":"Figma and FigJam","app_id":"A01N2QYSA81","scope":"identity.basic"},
{"user_id":"U02G5UE1UAV","user_name":"estermoonmai31","date":1635353941,"change_type":"added","app_type":"Google Drive","app_id":"A6NL8MJ6Q","scope":"identify,bot,channels:read,files:read,team:read,users:read,users:read.email,chat:write:bot,links:read"},
{"user_id":"U024AM6802Y","user_name":"ilesh_s","date":1633678993,"change_type":"added","app_type":"Loom","app_id":"A9G1TH4S2","scope":"identity.basic,identity.email"},
{"user_id":"U01RT5B4QNS","user_name":"laino.milagros","date":1633381458,"change_type":"added","app_type":"Google Drive","app_id":"A6NL8MJ6Q","scope":"identify,bot,channels:read,files:read,team:read,users:read,users:read.email,chat:write:bot,links:read"},
{"user_id":"U01P14TGU7Q","user_name":"evelynn.urena11","date":1632763933,"change_type":"added","app_type":"Figma and FigJam","app_id":"A01N2QYSA81","scope":"identity.basic"},
{"user_id":"U01P14TGU7Q","user_name":"evelynn.urena11","date":1632763933,"change_type":"added","app_type":"Figma and FigJam","app_id":"A01N2QYSA81"},
{"user_id":"U029VB33JSF","user_name":"maymyatnoekhant","date":1631290540,"change_type":"added","app_type":"Miro","app_id":"A8VK125AS","scope":"identity.basic,identity.email,identity.avatar,identity.team"},
{"user_id":"U01RT5B4QNS","user_name":"laino.milagros","date":1631216037,"change_type":"added","app_type":"Loom","app_id":"A9G1TH4S2","scope":"identity.basic,identity.email"},
{"user_id":"UHUUD9ERZ","user_name":"gvelez17","date":1631209326,"change_type":"added","app_type":"Loom","app_id":"A9G1TH4S2","scope":"identity.basic,identity.email"},
{"user_id":"U02B0GRBZ5L","user_name":"joytijani01","date":1630418132,"change_type":"added","app_type":"Google Drive","app_id":"A6NL8MJ6Q","scope":"identify,bot,channels:read,files:read,team:read,users:read,users:read.email,chat:write:bot,links:read"},
{"user_id":"U029VB9A9J7","user_name":"phoophoo1072000","date":1630096905,"change_type":"added","app_type":"Google Drive","app_id":"A6NL8MJ6Q","scope":"identify,bot,channels:read,files:read,team:read,users:read,users:read.email,chat:write:bot,links:read"},
{"user_id":"U01TW88T99N","user_name":"brandon.cdes","date":1629652469,"change_type":"added","app_type":"Miro","app_id":"A8VK125AS","scope":"identity.basic,identity.email,identity.avatar,identity.team"},
{"user_id":"U029VB33JSF","user_name":"maymyatnoekhant","date":1629280282,"change_type":"added","app_type":"Google Drive","app_id":"A6NL8MJ6Q","scope":"identify,bot,channels:read,files:read,team:read,users:read,users:read.email,chat:write:bot,links:read"},
{"user_id":"U021NFSD869","user_name":"itmbastawi","date":1628981690,"change_type":"added","app_type":"Miro","app_id":"A8VK125AS","scope":"identity.basic,identity.email,identity.avatar,identity.team"},
{"user_id":"U024AM6802Y","user_name":"ilesh_s","date":1628907315,"change_type":"added","app_type":"Miro","app_id":"A8VK125AS","scope":"identity.basic,identity.email,identity.avatar,identity.team"},
{"user_id":"U01S6FARJBH","user_name":"dev.ahmedhany","date":1628893667,"change_type":"added","app_type":"GitHub","app_id":"A01BP7R4KNY"},
{"user_id":"U01HHQXCX6K","user_name":"leannegass","date":1628764542,"change_type":"added","app_type":"Miro","app_id":"A8VK125AS","scope":"identity.basic,identity.email,identity.avatar,identity.team"},
{"user_id":"U01MBT3S9LG","user_name":"harshitagupta3199","date":1628759865,"change_type":"added","app_type":"Miro","app_id":"A8VK125AS","scope":"identity.basic,identity.email,identity.avatar,identity.team"},
{"user_id":"U01G6KK5VNG","user_name":"miriamgitonga2019","date":1628759498,"change_type":"added","app_type":"Miro","app_id":"A8VK125AS","scope":"identity.basic,identity.email,identity.avatar,identity.team"},
{"user_id":"UHUUD9ERZ","user_name":"gvelez17","date":1628758784,"change_type":"added","app_type":"Miro","app_id":"A8VK125AS","scope":"identity.basic,identity.email,identity.avatar,identity.team"},
{"user_id":"U01UBCHT72M","user_name":"schwentker","date":1628713260,"change_type":"added","app_type":"Miro","app_id":"A8VK125AS","scope":"identity.basic,identity.email,identity.avatar,identity.team"},
{"user_id":"U027PFVVCMB","user_name":"hemaaraslan92","date":1628698361,"change_type":"added","app_type":"Miro","app_id":"A8VK125AS","scope":"identity.basic,identity.email,identity.avatar,identity.team"},
{"user_id":"U01PXHYNRFZ","user_name":"shravani.allam","date":1628697082,"change_type":"added","app_type":"Miro","app_id":"A8VK125AS","scope":"identity.basic,identity.email,identity.avatar,identity.team"},
{"user_id":"UHUUD9ERZ","user_name":"gvelez17","date":1628173375,"change_type":"removed","reason":"user_uninstalled_app","app_type":"Trello","app_id":"A074YH40Z"},
{"user_id":"UHUUD9ERZ","user_name":"gvelez17","date":1628173375,"change_type":"removed","reason":"user_uninstalled_app","app_type":"Trello","app_id":"A074YH40Z","scope":"identify,channels:history,groups:history,channels:read,emoji:read,groups:read,search:read,stars:read,team:read,users:read,chat:write,reminders:write,links:read,links:write"},
{"user_id":"UHUUD9ERZ","user_name":"gvelez17","date":1628173375,"change_type":"removed","reason":"user_uninstalled_app","app_type":"Trello","app_id":"A074YH40Z","scope":"identify,channels:history,groups:history,channels:read,emoji:read,groups:read,search:read,stars:read,team:read,users:read,chat:write,reminders:write,links:read,links:write"},
{"user_id":"UHUUD9ERZ","user_name":"gvelez17","date":1628173374,"change_type":"removed","reason":"user_uninstalled_app","app_type":"Trello","app_id":"A074YH40Z","scope":"identify,channels:history,groups:history,channels:read,emoji:read,groups:read,search:read,stars:read,team:read,users:read,chat:write,reminders:write,links:read,links:write"},
{"user_id":"UHUUD9ERZ","user_name":"gvelez17","date":1628173374,"change_type":"removed","reason":"user_uninstalled_app","app_type":"Trello","app_id":"A074YH40Z","scope":"identify,channels:history,groups:history,channels:read,emoji:read,groups:read,search:read,stars:read,team:read,users:read,chat:write,reminders:write,links:read,links:write"},
{"user_id":"UHUUD9ERZ","user_name":"gvelez17","date":1628173374,"change_type":"removed","reason":"user_uninstalled_app","app_type":"Trello","app_id":"A074YH40Z","scope":"identify,channels:history,groups:history,channels:read,emoji:read,groups:read,search:read,stars:read,team:read,users:read,chat:write,reminders:write,links:read,links:write"},
{"user_id":"UHUUD9ERZ","user_name":"gvelez17","date":1628173374,"change_type":"removed","reason":"user_uninstalled_app","app_type":"Trello","app_id":"A074YH40Z","scope":"identify,channels:history,groups:history,channels:read,emoji:read,groups:read,search:read,stars:read,team:read,users:read,chat:write,reminders:write,links:read,links:write"},
{"user_id":"UHUUD9ERZ","user_name":"gvelez17","date":1628173374,"change_type":"removed","reason":"user_uninstalled_app","app_type":"Trello","app_id":"A074YH40Z","scope":"identify,channels:history,groups:history,channels:read,emoji:read,groups:read,search:read,stars:read,team:read,users:read,chat:write,reminders:write,links:read,links:write"},
{"user_id":"UHUUD9ERZ","user_name":"gvelez17","date":1628173374,"change_type":"removed","reason":"user_uninstalled_app","app_type":"Trello","app_id":"A074YH40Z","scope":"identify,channels:history,groups:history,channels:read,emoji:read,groups:read,search:read,stars:read,team:read,users:read,chat:write,reminders:write,links:read,links:write"},
{"user_id":"UHUUD9ERZ","user_name":"gvelez17","date":1628173054,"change_type":"removed","reason":"user_uninstalled_app","app_type":"Butler by Trello","app_id":"AUJUMB00N"},
{"user_id":"UHUUD9ERZ","user_name":"gvelez17","date":1628173053,"change_type":"removed","reason":"user_uninstalled_app","app_type":"Butler by Trello","app_id":"AUJUMB00N","scope":"identify,channels:read,groups:read,im:read,mpim:read,team:read,users:read,users:read.email,users.profile:read,chat:write"},
{"user_id":0,"user_name":"slack","date":1628148421,"change_type":"removed","service_id":2306190195398,"service_type":"Email","scope":"incoming-webhook","channel":"private"},
{"user_id":0,"user_name":"slack","date":1628148421,"change_type":"removed","service_id":2166846798357,"service_type":"Email","scope":"incoming-webhook","channel":"C024MRQ29CY"},
{"user_id":0,"user_name":"slack","date":1628148421,"change_type":"removed","service_id":2063800713253,"service_type":"Email","scope":"incoming-webhook","channel":"C022BEJ0JDP"},
{"user_id":0,"user_name":"slack","date":1628148421,"change_type":"removed","service_id":2140266660852,"service_type":"Email","scope":"incoming-webhook","channel":"C023H8TEAMD"},
{"user_id":0,"user_name":"slack","date":1628148421,"change_type":"removed","service_id":2157720110688,"service_type":"Email","scope":"incoming-webhook","channel":"C023CPUKVJL"},
{"user_id":0,"user_name":"slack","date":1628148421,"change_type":"removed","service_id":2073063964372,"service_type":"Email","scope":"incoming-webhook","channel":"C021Z37RZRR"},
{"user_id":0,"user_name":"slack","date":1628148421,"change_type":"removed","service_id":2060130463958,"service_type":"Email","scope":"incoming-webhook","channel":"C022NLKV5G8"},
{"user_id":0,"user_name":"slack","date":1628148421,"change_type":"removed","service_id":2251396584531,"service_type":"Email","scope":"incoming-webhook","channel":"C0282RY78CQ"},
{"user_id":0,"user_name":"slack","date":1628148420,"change_type":"removed","reason":"team_downgrade","app_type":"Bloomberg Beta Slack","app_id":"A8GGH8KCL","scope":"identify,bot,channels:read,groups:read,channels:write,groups:write"},
{"user_id":0,"user_name":"slack","date":1628148420,"change_type":"removed","reason":"team_downgrade","app_type":"Zoom","app_id":"A5GE9BMQC"},
{"user_id":0,"user_name":"slack","date":1628148419,"change_type":"removed","reason":"team_downgrade","app_type":"PagerDuty","app_id":"A1FKYAUUX"},
{"user_id":0,"user_name":"slack","date":1628148419,"change_type":"removed","reason":"team_downgrade","app_type":"PagerDuty","app_id":"A1FKYAUUX","scope":"identify,channels:read,groups:read,groups:write"},
{"user_id":0,"user_name":"slack","date":1628148419,"change_type":"removed","reason":"team_downgrade","app_type":"Zoom","app_id":"A5GE9BMQC","scope":"identify,links:read,links:write"},
{"user_id":0,"user_name":"slack","date":1628148418,"change_type":"removed","reason":"team_downgrade","app_type":"GitHub","app_id":"A01BP7R4KNY"},
{"user_id":0,"user_name":"slack","date":1628148418,"change_type":"removed","reason":"team_downgrade","app_type":"Google Drive","app_id":"A6NL8MJ6Q","scope":"identify,bot,channels:read,files:read,team:read,users:read,users:read.email,chat:write:bot,links:read"},
{"user_id":0,"user_name":"slack","date":1628148416,"change_type":"removed","reason":"team_downgrade","app_type":"Google Drive","app_id":"A6NL8MJ6Q","scope":"identify,bot,channels:read,files:read,team:read,users:read,users:read.email,chat:write:bot,links:read"},
{"user_id":"UHUUD9ERZ","user_name":"gvelez17","date":1628113070,"change_type":"added","app_type":"Bloomberg Beta Slack","app_id":"A8GGH8KCL","scope":"identify,bot,channels:read,groups:read,channels:write,groups:write"},
{"user_id":"UMAGDDC57","user_name":"sarthakvijayvergiya","date":1627315604,"change_type":"added","service_id":2306190195398,"service_type":"Email","scope":"incoming-webhook","channel":"private"},
{"user_id":"U022KAJ4J1M","user_name":"blackgirlmagicmasters","date":1626209324,"change_type":"expanded","app_type":"Trello","app_id":"A074YH40Z"},
{"user_id":"U022KAJ4J1M","user_name":"blackgirlmagicmasters","date":1626209323,"change_type":"added","app_type":"Trello","app_id":"A074YH40Z","scope":"identify,channels:history,groups:history,channels:read,emoji:read,groups:read,search:read,stars:read,team:read,users:read,chat:write,reminders:write,links:read,links:write"},
{"user_id":"U01S6FARJBH","user_name":"dev.ahmedhany","date":1625865016,"change_type":"expanded","app_type":"Trello","app_id":"A074YH40Z"},
{"user_id":"U01S6FARJBH","user_name":"dev.ahmedhany","date":1625865015,"change_type":"added","app_type":"Trello","app_id":"A074YH40Z","scope":"identify,channels:history,groups:history,channels:read,emoji:read,groups:read,search:read,stars:read,team:read,users:read,chat:write,reminders:write,links:read,links:write"},
{"user_id":"UMAGDDC57","user_name":"sarthakvijayvergiya","date":1625863410,"change_type":"expanded","app_type":"Trello","app_id":"A074YH40Z"},
{"user_id":"UMAGDDC57","user_name":"sarthakvijayvergiya","date":1625863251,"change_type":"expanded","app_type":"Trello","app_id":"A074YH40Z"},
{"user_id":"UMAGDDC57","user_name":"sarthakvijayvergiya","date":1625863250,"change_type":"added","app_type":"Trello","app_id":"A074YH40Z","scope":"identify,channels:history,groups:history,channels:read,emoji:read,groups:read,search:read,stars:read,team:read,users:read,chat:write,reminders:write,links:read,links:write"},
{"user_id":"UMAGDDC57","user_name":"sarthakvijayvergiya","date":1625689257,"change_type":"added","service_id":2251396584531,"service_type":"Email","scope":"incoming-webhook","channel":"C0282RY78CQ"},
{"user_id":"U022KAJ4J1M","user_name":"blackgirlmagicmasters","date":1625677822,"change_type":"added","app_type":"Zoom","app_id":"A5GE9BMQC"},
{"user_id":"U022KAJ4J1M","user_name":"blackgirlmagicmasters","date":1625677821,"change_type":"added","app_type":"Zoom","app_id":"A5GE9BMQC","scope":"identify,links:read,links:write"},
{"user_id":"U01MBT3S9LG","user_name":"harshitagupta3199","date":1623692590,"change_type":"added","service_id":2166846798357,"service_type":"Email","scope":"incoming-webhook","channel":"C024MRQ29CY"},
{"user_id":"U01MBT3S9LG","user_name":"harshitagupta3199","date":1622737866,"change_type":"added","service_id":2140266660852,"service_type":"Email","scope":"incoming-webhook","channel":"C023H8TEAMD"},
{"user_id":"U01MBT3S9LG","user_name":"harshitagupta3199","date":1622735702,"change_type":"added","service_id":2157720110688,"service_type":"Email","scope":"incoming-webhook","channel":"C023CPUKVJL"},
{"user_id":"U016YUNE4CQ","user_name":"rdturner40","date":1622052657,"change_type":"expanded","app_type":"PagerDuty","app_id":"A1FKYAUUX"},
{"user_id":"U016YUNE4CQ","user_name":"rdturner40","date":1622051767,"change_type":"added","app_type":"PagerDuty","app_id":"A1FKYAUUX"},
{"user_id":"U016YUNE4CQ","user_name":"rdturner40","date":1622051766,"change_type":"added","app_type":"PagerDuty","app_id":"A1FKYAUUX","scope":"identify,channels:read,groups:read,groups:write"},
{"user_id":"UMAGDDC57","user_name":"sarthakvijayvergiya","date":1621607089,"change_type":"expanded","app_type":"Cookin-Devops","app_id":"A017X36CXML"},
{"user_id":0,"user_name":"slack","date":1621014003,"change_type":"removed","app_type":"GitHub (Legacy)","app_id":"A8GBNUWU8"},
{"user_id":"UMAGDDC57","user_name":"sarthakvijayvergiya","date":1621013999,"change_type":"added","app_type":"GitHub","app_id":"A01BP7R4KNY"},
{"user_id":"UMAGDDC57","user_name":"sarthakvijayvergiya","date":1621012929,"change_type":"expanded","app_type":"Cookin-Devops","app_id":"A017X36CXML"},
{"user_id":"UMAGDDC57","user_name":"sarthakvijayvergiya","date":1621010760,"change_type":"added","service_id":2060130463958,"service_type":"Email","scope":"incoming-webhook","channel":"C022NLKV5G8"},
{"user_id":"UMAGDDC57","user_name":"sarthakvijayvergiya","date":1621010678,"change_type":"added","service_id":2073063964372,"service_type":"Email","scope":"incoming-webhook","channel":"C021Z37RZRR"},
{"user_id":"UMAGDDC57","user_name":"sarthakvijayvergiya","date":1621010333,"change_type":"added","service_id":2063800713253,"service_type":"Email","scope":"incoming-webhook","channel":"C022BEJ0JDP"},
{"user_id":"U01PXHYNRFZ","user_name":"shravani.allam","date":1620804576,"change_type":"expanded","app_type":"Cookin-Devops","app_id":"A017X36CXML"},
{"user_id":"U01UBCHT72M","user_name":"schwentker","date":1620225039,"change_type":"expanded","app_type":"Trello","app_id":"A074YH40Z"},
{"user_id":"U01UBCHT72M","user_name":"schwentker","date":1620225039,"change_type":"added","app_type":"Trello","app_id":"A074YH40Z","scope":"identify,channels:history,groups:history,channels:read,emoji:read,groups:read,search:read,stars:read,team:read,users:read,chat:write,reminders:write,links:read,links:write"},
{"user_id":"U01HHQXCX6K","user_name":"leannegass","date":1619884821,"change_type":"added","app_type":"Loom","app_id":"A9G1TH4S2","scope":"identity.basic,identity.email"},
{"user_id":"U01RT5B4QNS","user_name":"laino.milagros","date":1619794236,"change_type":"added","app_type":"Google Drive","app_id":"A6NL8MJ6Q","scope":"identify,bot,channels:read,files:read,team:read,users:read,users:read.email,chat:write:bot,links:read"},
{"user_id":"U01RT5B4QNS","user_name":"laino.milagros","date":1618416521,"change_type":"resource_grant_created","service_id":1023592333266,"service_type":"App","scope":null,"channel":"private","app_type":"GitHub (Legacy)","app_id":"A8GBNUWU8"},
{"user_id":"UMAGDDC57","user_name":"sarthakvijayvergiya","date":1617486554,"change_type":"added","service_id":1925945109602,"service_type":"Incoming WebHooks","scope":"incoming-webhook","channel":"C01T7TT0WPL"},
{"user_id":"U01S6FARJBH","user_name":"dev.ahmedhany","date":1617207256,"change_type":"resource_grant_created","service_id":1023592333266,"service_type":"App","scope":null,"channel":"private","app_type":"GitHub (Legacy)","app_id":"A8GBNUWU8"},
{"user_id":"UMAGDDC57","user_name":"sarthakvijayvergiya","date":1615999314,"change_type":"expanded","app_type":"Cookin-Devops","app_id":"A017X36CXML"},
{"user_id":"U01G6KK5VNG","user_name":"miriamgitonga2019","date":1615319882,"change_type":"expanded","app_type":"Trello","app_id":"A074YH40Z"},
{"user_id":"U01G6KK5VNG","user_name":"miriamgitonga2019","date":1615319881,"change_type":"added","app_type":"Trello","app_id":"A074YH40Z","scope":"identify,channels:history,groups:history,channels:read,emoji:read,groups:read,search:read,stars:read,team:read,users:read,chat:write,reminders:write,links:read,links:write"},
{"user_id":"UHUUD9ERZ","user_name":"gvelez17","date":1615114464,"change_type":"expanded","app_type":"Trello","app_id":"A074YH40Z"},
{"user_id":"UHUUD9ERZ","user_name":"gvelez17","date":1615114464,"change_type":"added","app_type":"Trello","app_id":"A074YH40Z","scope":"identify,channels:history,groups:history,channels:read,emoji:read,groups:read,search:read,stars:read,team:read,users:read,chat:write,reminders:write,links:read,links:write"},
{"user_id":"U016YUNE4CQ","user_name":"rdturner40","date":1614634598,"change_type":"added","app_type":"Butler by Trello","app_id":"AUJUMB00N"},
{"user_id":"U016YUNE4CQ","user_name":"rdturner40","date":1614634597,"change_type":"added","app_type":"Butler by Trello","app_id":"AUJUMB00N","scope":"identify,channels:read,groups:read,im:read,mpim:read,team:read,users:read,users:read.email,users.profile:read,chat:write"},
{"user_id":"U016YUNE4CQ","user_name":"rdturner40","date":1614634579,"change_type":"removed","reason":"user_uninstalled_app","app_type":"GitKraken Boards","app_id":"AM9PQQN0M","scope":"identify,bot,commands,files:read,chat:write:user,chat:write:bot,links:read,links:write"},
{"user_id":"U016YUNE4CQ","user_name":"rdturner40","date":1614634539,"change_type":"removed","reason":"user_uninstalled_app","app_type":"GloSlack","app_id":"A018P8UQU1L"},
{"user_id":"U016YUNE4CQ","user_name":"rdturner40","date":1614634538,"change_type":"removed","reason":"user_uninstalled_app","app_type":"GloSlack","app_id":"A018P8UQU1L","scope":"identify,im:history"},
{"user_id":"UMAGDDC57","user_name":"sarthakvijayvergiya","date":1614442446,"change_type":"resource_grant_created","service_id":1023592333266,"service_type":"App","scope":null,"channel":"private","app_type":"GitHub (Legacy)","app_id":"A8GBNUWU8"},
{"user_id":"UMAGDDC57","user_name":"sarthakvijayvergiya","date":1614426740,"change_type":"resource_grant_revoked","service_id":1023592333266,"service_type":"App","scope":null,"channel":"C01825XF6VB","app_type":"GitHub (Legacy)","app_id":"A8GBNUWU8"},
{"user_id":"ULW9P11PU","user_name":"mzaremskas","date":1614350928,"change_type":"expanded","app_type":"Trello","app_id":"A074YH40Z"},
{"user_id":"ULW9P11PU","user_name":"mzaremskas","date":1614350928,"change_type":"added","app_type":"Trello","app_id":"A074YH40Z","scope":"identify,channels:history,groups:history,channels:read,emoji:read,groups:read,search:read,stars:read,team:read,users:read,chat:write,reminders:write,links:read,links:write"},
{"user_id":"U016YUNE4CQ","user_name":"rdturner40","date":1614290164,"change_type":"expanded","app_type":"Trello","app_id":"A074YH40Z"},
{"user_id":"U016YUNE4CQ","user_name":"rdturner40","date":1614289645,"change_type":"added","app_type":"Trello","app_id":"A074YH40Z"},
{"user_id":"U016YUNE4CQ","user_name":"rdturner40","date":1614289644,"change_type":"added","app_type":"Trello","app_id":"A074YH40Z","scope":"identify,channels:history,groups:history,channels:read,emoji:read,groups:read,search:read,stars:read,team:read,users:read,chat:write,reminders:write,links:read,links:write"},
{"user_id":"U017SF2MU8M","user_name":"bnmounir7","date":1614098520,"change_type":"resource_grant_created","service_id":1023592333266,"service_type":"App","scope":null,"channel":"C01NRUNURFA","app_type":"GitHub (Legacy)","app_id":"A8GBNUWU8"},
{"user_id":"U017SF2MU8M","user_name":"bnmounir7","date":1614097856,"change_type":"resource_grant_created","service_id":1023592333266,"service_type":"App","scope":null,"channel":"C01FTPE3ZJP","app_type":"GitHub (Legacy)","app_id":"A8GBNUWU8"},
{"user_id":"U017SF2MU8M","user_name":"bnmounir7","date":1614095109,"change_type":"resource_grant_created","service_id":1023592333266,"service_type":"App","scope":null,"channel":"private","app_type":"GitHub (Legacy)","app_id":"A8GBNUWU8"},
{"user_id":"UMAGDDC57","user_name":"sarthakvijayvergiya","date":1613955337,"change_type":"resource_grant_created","service_id":1023592333266,"service_type":"App","scope":null,"channel":"C01825XF6VB","app_type":"GitHub (Legacy)","app_id":"A8GBNUWU8"},
{"user_id":"UMAGDDC57","user_name":"sarthakvijayvergiya","date":1613955322,"change_type":"wildcard_resource_grant_revoked","service_id":1023592333266,"service_type":"App","scope":null,"app_type":"GitHub (Legacy)","app_id":"A8GBNUWU8"},
{"user_id":"US0LLHCGP","user_name":"sjaymoon15","date":1613706185,"change_type":"resource_grant_created","service_id":1023592333266,"service_type":"App","scope":null,"channel":"private","app_type":"GitHub (Legacy)","app_id":"A8GBNUWU8"},
{"user_id":"U01MD9KFMGU","user_name":"gonzalezlrjesus","date":1613406670,"change_type":"resource_grant_created","service_id":1023592333266,"service_type":"App","scope":null,"channel":"private","app_type":"GitHub (Legacy)","app_id":"A8GBNUWU8"},
{"user_id":"UMAGDDC57","user_name":"sarthakvijayvergiya","date":1613289405,"change_type":"expanded","app_type":"Cookin-Devops","app_id":"A017X36CXML"},
{"user_id":"UMAGDDC57","user_name":"sarthakvijayvergiya","date":1613289395,"change_type":"expanded","app_type":"Cookin-Devops","app_id":"A017X36CXML"},
{"user_id":"UMAGDDC57","user_name":"sarthakvijayvergiya","date":1613289333,"change_type":"expanded","app_type":"Cookin-Devops","app_id":"A017X36CXML"},
{"user_id":"U01LSU3KZAM","user_name":"kristinesollee","date":1612553631,"change_type":"resource_grant_created","service_id":1023592333266,"service_type":"App","scope":null,"channel":"private","app_type":"GitHub (Legacy)","app_id":"A8GBNUWU8"},
{"user_id":"U01JKF654KW","user_name":"sanchezpili6","date":1610478529,"change_type":"expanded","app_type":"Google Calendar","app_id":"ADZ494LHY"},
{"user_id":"U01JKF654KW","user_name":"sanchezpili6","date":1610478529,"change_type":"added","app_type":"Google Calendar","app_id":"ADZ494LHY","scope":"identify,users.profile:write"},
{"user_id":"U01JKF654KW","user_name":"sanchezpili6","date":1610478529,"change_type":"bot_token_upgraded","app_type":"Google Calendar","app_id":"ADZ494LHY"},
{"user_id":"U01JKF654KW","user_name":"sanchezpili6","date":1610478358,"change_type":"resource_grant_created","service_id":1023592333266,"service_type":"App","scope":null,"channel":"private","app_type":"GitHub (Legacy)","app_id":"A8GBNUWU8"},
{"user_id":"U017SF2MU8M","user_name":"bnmounir7","date":1601330949,"change_type":"resource_grant_created","service_id":1023592333266,"service_type":"App","scope":null,"channel":"private","app_type":"GitHub (Legacy)","app_id":"A8GBNUWU8"},
{"user_id":"U017U79JFRQ","user_name":"youngnishant","date":1600664815,"change_type":"resource_grant_created","service_id":1023592333266,"service_type":"App","scope":null,"channel":"private","app_type":"GitHub (Legacy)","app_id":"A8GBNUWU8"},
{"user_id":"U0186CG5VCM","user_name":"swarnakshikapil","date":1600147742,"change_type":"removed","reason":"user_uninstalled_app","app_type":"Reminder Bot","app_id":"A83H5QZPT","scope":"identity.basic,identity.email,identity.team,identify,channels:read,groups:read,im:read,mpim:read,users:read,chat:write:bot"},
{"user_id":"U0186CG5VCM","user_name":"swarnakshikapil","date":1599007432,"change_type":"expanded","app_type":"Reminder Bot","app_id":"A83H5QZPT","scope":"identity.basic,identity.email,identity.team,identify,channels:read,groups:read,im:read,mpim:read,users:read,chat:write:bot"},
{"user_id":"U0186CG5VCM","user_name":"swarnakshikapil","date":1599007424,"change_type":"added","app_type":"Reminder Bot","app_id":"A83H5QZPT","scope":"identity.basic,identity.email,identity.team,identify,channels:read,groups:read,im:read,mpim:read,users:read,chat:write:bot"},
{"user_id":"U0186CG5VCM","user_name":"swarnakshikapil","date":1599007271,"change_type":"removed","reason":"user_uninstalled_app","app_type":"Standup.ly: Poll & Survey ToDo Bot","app_id":"A355V71K7","scope":"identity.basic,identity.email,identity.avatar,identity.team"},
{"user_id":"U0186CG5VCM","user_name":"swarnakshikapil","date":1599007271,"change_type":"removed","reason":"user_uninstalled_app","app_type":"Standup.ly: Poll & Survey ToDo Bot","app_id":"A355V71K7"},
{"user_id":"U0186CG5VCM","user_name":"swarnakshikapil","date":1599006578,"change_type":"added","app_type":"Standup.ly: Poll & Survey ToDo Bot","app_id":"A355V71K7"},
{"user_id":"U0186CG5VCM","user_name":"swarnakshikapil","date":1599006542,"change_type":"added","app_type":"Standup.ly: Poll & Survey ToDo Bot","app_id":"A355V71K7","scope":"identity.basic,identity.email,identity.avatar,identity.team"},
{"user_id":"U016YUNE4CQ","user_name":"rdturner40","date":1597518245,"change_type":"added","app_type":"GloSlack","app_id":"A018P8UQU1L"},
{"user_id":"U016YUNE4CQ","user_name":"rdturner40","date":1597518244,"change_type":"added","app_type":"GloSlack","app_id":"A018P8UQU1L","scope":"identify,im:history"},
{"user_id":0,"user_name":"slack","date":1597516086,"change_type":"removed","app_type":"GloSlack","app_id":"A018P8UQU1L"},
{"user_id":0,"user_name":"slack","date":1597516084,"change_type":"removed","reason":"system","app_type":"GloSlack","app_id":"A018P8UQU1L","scope":"identify,im:history"},
{"user_id":"U016YUNE4CQ","user_name":"rdturner40","date":1597425037,"change_type":"expanded","app_type":"GloSlack","app_id":"A018P8UQU1L"},
{"user_id":"U016YUNE4CQ","user_name":"rdturner40","date":1597425036,"change_type":"added","app_type":"GloSlack","app_id":"A018P8UQU1L","scope":"identify,im:history"},
{"user_id":"U016YUNE4CQ","user_name":"rdturner40","date":1597424809,"change_type":"added","app_type":"GloSlack","app_id":"A018P8UQU1L"},
{"user_id":"U016YUNE4CQ","user_name":"rdturner40","date":1597273782,"change_type":"removed","reason":"user_uninstalled_app","app_type":"Vote","app_id":"A0K2DR88N","scope":"identify,commands"},
{"user_id":"U016YUNE4CQ","user_name":"rdturner40","date":1597260707,"change_type":"added","app_type":"GitKraken Boards","app_id":"AM9PQQN0M","scope":"identify,bot,commands,files:read,chat:write:user,chat:write:bot,links:read,links:write"},
{"user_id":"U016YUNE4CQ","user_name":"rdturner40","date":1597260677,"change_type":"removed","reason":"user_uninstalled_app","app_type":"GitKraken Boards","app_id":"AM9PQQN0M","scope":"identify,bot,commands,chat:write:user,chat:write:bot,links:read,links:write"},
{"user_id":"U016YUNE4CQ","user_name":"rdturner40","date":1597252621,"change_type":"added","app_type":"GitKraken Boards","app_id":"AM9PQQN0M","scope":"identify,bot,commands,chat:write:user,chat:write:bot,links:read,links:write"},
{"user_id":"U017JAYU4VB","user_name":"luo19980630","date":1596450867,"change_type":"resource_grant_created","service_id":1023592333266,"service_type":"App","scope":null,"channel":"private","app_type":"GitHub (Legacy)","app_id":"A8GBNUWU8"},
{"user_id":"UMAGDDC57","user_name":"sarthakvijayvergiya","date":1596241971,"change_type":"expanded","app_type":"Cookin-Devops","app_id":"A017X36CXML"},
{"user_id":"UMAGDDC57","user_name":"sarthakvijayvergiya","date":1596241887,"change_type":"added","app_type":"Cookin-Devops","app_id":"A017X36CXML"},
{"user_id":"U015BBLM97U","user_name":"873389937annas","date":1596231351,"change_type":"expanded","app_type":"Github-Actions","app_id":"A01827GD937"},
{"user_id":"U015BBLM97U","user_name":"873389937annas","date":1596230034,"change_type":"added","app_type":"Github-Actions","app_id":"A01827GD937"},
{"user_id":"U015BBLM97U","user_name":"873389937annas","date":1596227426,"change_type":"resource_grant_created","service_id":1023592333266,"service_type":"App","scope":null,"channel":"private","app_type":"GitHub (Legacy)","app_id":"A8GBNUWU8"},
{"user_id":"ULW9P11PU","user_name":"mzaremskas","date":1595861759,"change_type":"resource_grant_created","service_id":1023592333266,"service_type":"App","scope":null,"channel":"private","app_type":"GitHub (Legacy)","app_id":"A8GBNUWU8"},
{"user_id":0,"user_name":"slack","date":1595807267,"change_type":"removed","reason":"developer_uninstalled_app","app_type":"Amplify Deployment Notification","app_id":"A017Q7KU32R"},
{"user_id":"UMAGDDC57","user_name":"sarthakvijayvergiya","date":1595806556,"change_type":"added","app_type":"Amplify Deployment Notification","app_id":"A017Q7KU32R"},
{"user_id":"U015BBLM97U","user_name":"873389937annas","date":1594071501,"change_type":"resource_grant_created","service_id":1023592333266,"service_type":"App","scope":null,"channel":"private","app_type":"GitHub (Legacy)","app_id":"A8GBNUWU8"},
{"user_id":"U016YUNE4CQ","user_name":"rdturner40","date":1593700349,"change_type":"wildcard_resource_grant_created","service_id":1023592333266,"service_type":"App","scope":null,"app_type":"GitHub (Legacy)","app_id":"A8GBNUWU8"},
{"user_id":"U016YUNE4CQ","user_name":"rdturner40","date":1593699546,"change_type":"resource_grant_created","service_id":1023592333266,"service_type":"App","scope":null,"channel":"private","app_type":"GitHub (Legacy)","app_id":"A8GBNUWU8"},
{"user_id":"U016YUNE4CQ","user_name":"rdturner40","date":1593697449,"change_type":"added","app_type":"Google Calendar","app_id":"ADZ494LHY","scope":"identify,bot,commands,users.profile:write"},
{"user_id":"U013V93734K","user_name":"tman","date":1590141724,"change_type":"resource_grant_created","service_id":1023592333266,"service_type":"App","scope":null,"channel":"private","app_type":"GitHub (Legacy)","app_id":"A8GBNUWU8"},
{"user_id":"UHUUD9ERZ","user_name":"gvelez17","date":1586966773,"change_type":"resource_grant_created","service_id":1023592333266,"service_type":"App","scope":null,"channel":"private","app_type":"GitHub (Legacy)","app_id":"A8GBNUWU8"},
{"user_id":"UMAGDDC57","user_name":"sarthakvijayvergiya","date":1585593196,"change_type":"updated","service_id":1038251475718,"service_type":"Google+ Hangouts","scope":"commands"},
{"user_id":"UMAGDDC57","user_name":"sarthakvijayvergiya","date":1585593155,"change_type":"updated","service_id":1038251475718,"service_type":"Google+ Hangouts","scope":"commands"},
{"user_id":"UMAGDDC57","user_name":"sarthakvijayvergiya","date":1585593120,"change_type":"updated","service_id":1038251475718,"service_type":"Google+ Hangouts","scope":"commands"},
{"user_id":"UMAGDDC57","user_name":"sarthakvijayvergiya","date":1585593115,"change_type":"added","service_id":1038251475718,"service_type":"Google+ Hangouts","scope":"commands"},
{"user_id":"UMAGDDC57","user_name":"sarthakvijayvergiya","date":1585592961,"change_type":"resource_grant_created","service_id":1023592333266,"service_type":"App","scope":null,"channel":"C010PBSUJ0J","app_type":"GitHub (Legacy)","app_id":"A8GBNUWU8"},
{"user_id":"UMAGDDC57","user_name":"sarthakvijayvergiya","date":1585592961,"change_type":"resource_grant_created","service_id":1023592333266,"service_type":"App","scope":null,"channel":"private","app_type":"GitHub (Legacy)","app_id":"A8GBNUWU8"},
{"user_id":"UMAGDDC57","user_name":"sarthakvijayvergiya","date":1585592960,"change_type":"expanded","service_id":1023592333266,"service_type":"App","scope":null,"app_type":"GitHub (Legacy)","app_id":"A8GBNUWU8"},
{"user_id":"UMAGDDC57","user_name":"sarthakvijayvergiya","date":1585592960,"change_type":"expanded","service_id":1023592333266,"service_type":"App","scope":null,"app_type":"GitHub (Legacy)","app_id":"A8GBNUWU8"},
{"user_id":"UMAGDDC57","user_name":"sarthakvijayvergiya","date":1585592960,"change_type":"resource_grant_created","service_id":1023592333266,"service_type":"App","scope":null,"app_type":"GitHub (Legacy)","app_id":"A8GBNUWU8"},
{"user_id":"UMAGDDC57","user_name":"sarthakvijayvergiya","date":1585592960,"change_type":"added","app_type":"GitHub (Legacy)","app_id":"A8GBNUWU8"},
{"user_id":"UHUUD9ERZ","user_name":"gvelez17","date":1580921699,"change_type":"added","service_id":937818460996,"service_type":"Twitter","scope":"incoming-webhook"},
{"user_id":"UHUUD9ERZ","user_name":"gvelez17","date":1579546176,"change_type":"added","app_type":"Vote","app_id":"A0K2DR88N","scope":"identify,commands"},
{"user_id":"UHUUD9ERZ","user_name":"gvelez17","date":1574652362,"change_type":"added","app_type":"Google Calendar","app_id":"ADZ494LHY","scope":"identify,bot,commands,users.profile:write"},
{"user_id":"UHUUD9ERZ","user_name":"gvelez17","date":1574652337,"change_type":"enabled","reason":"server","service_id":733054115744,"service_type":"Google Drive","scope":"files:write:user"},
{"user_id":"UHUUD9ERZ","user_name":"gvelez17","date":1574652320,"change_type":"updated","service_id":733054115744,"service_type":"Google Drive","scope":"files:write:user"},
{"user_id":"UHUUD9ERZ","user_name":"gvelez17","date":1574652194,"change_type":"disabled","reason":"admin","service_id":733054115744,"service_type":"Google Drive","scope":"files:write:user"},
{"user_id":"UHUUD9ERZ","user_name":"gvelez17","date":1574652194,"change_type":"removed","reason":"user_deactivated","app_type":"Google Drive","app_id":"A6NL8MJ6Q","scope":"identify,bot,channels:read,files:read,team:read,users:read,users:read.email,chat:write:bot,links:read"},
{"user_id":"UHUUD9ERZ","user_name":"gvelez17","date":1574652090,"change_type":"removed","reason":"user_deactivated","app_type":"Google Calendar","app_id":"ADZ494LHY","scope":"identify,bot,commands,users.profile:write"},
{"user_id":"UPSURUQQP","user_name":"devnegikec","date":1571934181,"change_type":"added","app_type":"Google Calendar","app_id":"ADZ494LHY","scope":"identify,bot,commands,users.profile:write"},
{"user_id":"UHUUD9ERZ","user_name":"gvelez17","date":1566948500,"change_type":"added","app_type":"Google Drive","app_id":"A6NL8MJ6Q","scope":"identify,bot,channels:read,files:read,team:read,users:read,users:read.email,chat:write:bot,links:read"},
{"user_id":"UHUUD9ERZ","user_name":"gvelez17","date":1566918397,"change_type":"updated","service_id":741605395143,"service_type":"Giphy","scope":"commands"},
{"user_id":"UHUUD9ERZ","user_name":"gvelez17","date":1566918388,"change_type":"updated","service_id":741605395143,"service_type":"Giphy","scope":"commands"},
{"user_id":"UHUUD9ERZ","user_name":"gvelez17","date":1566918382,"change_type":"added","service_id":741605395143,"service_type":"Giphy","scope":"commands"},
{"user_id":"UM7F3D69G","user_name":"razasaddiqi","date":1566361800,"change_type":"added","app_type":"Google Drive","app_id":"A6NL8MJ6Q","scope":"identify,bot,channels:read,files:read,team:read,users:read,users:read.email,chat:write:bot,links:read"},
{"user_id":"UM7F3D69G","user_name":"razasaddiqi","date":1566361727,"change_type":"added","service_id":733054115744,"service_type":"Google Drive","scope":"files:write:user"}
]