[
    {
        "user": "U03FHTP40UA",
        "type": "message",
        "ts": "1721893339.165069",
        "client_msg_id": "133e9429-70ef-4b75-9e5e-33665819b1d0",
        "text": "Hello <@U04J4LZM32A> i will contact you :pray:",
        "team": "TJ5RZJT52",
        "user_team": "TJ5RZJT52",
        "source_team": "TJ5RZJT52",
        "user_profile": {
            "avatar_hash": "c8d18bb8b8d7",
            "image_72": "https:\/\/avatars.slack-edge.com\/2022-05-17\/3539207288756_c8d18bb8b8d76273bfb2_72.jpg",
            "first_name": "Ahmed",
            "real_name": "Ahmed Abdelmenam",
            "display_name": "",
            "team": "TJ5RZJT52",
            "name": "ahmedabdelmenam534",
            "is_restricted": false,
            "is_ultra_restricted": false
        },
        "thread_ts": "1721833095.395979",
        "parent_user_id": "U069UCY6WPL",
        "blocks": [
            {
                "type": "rich_text",
                "block_id": "Asu5+",
                "elements": [
                    {
                        "type": "rich_text_section",
                        "elements": [
                            {
                                "type": "text",
                                "text": "Hello "
                            },
                            {
                                "type": "user",
                                "user_id": "U04J4LZM32A"
                            },
                            {
                                "type": "text",
                                "text": " i will contact you "
                            },
                            {
                                "type": "emoji",
                                "name": "pray",
                                "unicode": "1f64f"
                            }
                        ]
                    }
                ]
            }
        ]
    },
    {
        "user": "U069UCY6WPL",
        "type": "message",
        "ts": "1721902013.912329",
        "client_msg_id": "e0ff32d4-ca40-44a6-9bdd-9e1b5fe641f6",
        "text": "<@U03FHTP40UA> actually we made some changes. <@U07A4GV2JPN> requested to work on the front end and <@U04J4LZM32A> agreed to work on the backend. \nSo kindly Ahmed you can reach out to <@U07A4GV2JPN> and talk more.\nImportant note to <@U04J4LZM32A> and <@U07A4GV2JPN>, kindly before working on the code, kindly understand how the app works. In case of any questions please feel free to ask in this channel. \nThank you!",
        "team": "TJ5RZJT52",
        "user_team": "TJ5RZJT52",
        "source_team": "TJ5RZJT52",
        "user_profile": {
            "avatar_hash": "e070d03134d5",
            "image_72": "https:\/\/avatars.slack-edge.com\/2023-12-13\/6326270161175_e070d03134d567b313c8_72.jpg",
            "first_name": "Amos",
            "real_name": "Amos Mwangi",
            "display_name": "Amos Mwangi",
            "team": "TJ5RZJT52",
            "name": "emosmwangi",
            "is_restricted": false,
            "is_ultra_restricted": false
        },
        "thread_ts": "1721833095.395979",
        "parent_user_id": "U069UCY6WPL",
        "blocks": [
            {
                "type": "rich_text",
                "block_id": "9Hn5h",
                "elements": [
                    {
                        "type": "rich_text_section",
                        "elements": [
                            {
                                "type": "user",
                                "user_id": "U03FHTP40UA"
                            },
                            {
                                "type": "text",
                                "text": " actually we made some changes. "
                            },
                            {
                                "type": "user",
                                "user_id": "U07A4GV2JPN"
                            },
                            {
                                "type": "text",
                                "text": " requested to work on the front end and "
                            },
                            {
                                "type": "user",
                                "user_id": "U04J4LZM32A"
                            },
                            {
                                "type": "text",
                                "text": " agreed to work on the backend. \nSo kindly Ahmed you can reach out to "
                            },
                            {
                                "type": "user",
                                "user_id": "U07A4GV2JPN"
                            },
                            {
                                "type": "text",
                                "text": " and talk more.\nImportant note to "
                            },
                            {
                                "type": "user",
                                "user_id": "U04J4LZM32A"
                            },
                            {
                                "type": "text",
                                "text": " and "
                            },
                            {
                                "type": "user",
                                "user_id": "U07A4GV2JPN"
                            },
                            {
                                "type": "text",
                                "text": ", kindly before working on the code, kindly understand how the app works. In case of any questions please feel free to ask in this channel. \nThank you!"
                            }
                        ]
                    }
                ]
            }
        ]
    },
    {
        "user": "U03FHTP40UA",
        "type": "message",
        "ts": "1721902091.115329",
        "client_msg_id": "8fcd4b98-df0a-4573-a8ec-162f7bcf73ef",
        "text": "Great i have tasks on the front and in back so i will contact with both",
        "team": "TJ5RZJT52",
        "user_team": "TJ5RZJT52",
        "source_team": "TJ5RZJT52",
        "user_profile": {
            "avatar_hash": "c8d18bb8b8d7",
            "image_72": "https:\/\/avatars.slack-edge.com\/2022-05-17\/3539207288756_c8d18bb8b8d76273bfb2_72.jpg",
            "first_name": "Ahmed",
            "real_name": "Ahmed Abdelmenam",
            "display_name": "",
            "team": "TJ5RZJT52",
            "name": "ahmedabdelmenam534",
            "is_restricted": false,
            "is_ultra_restricted": false
        },
        "thread_ts": "1721833095.395979",
        "parent_user_id": "U069UCY6WPL",
        "blocks": [
            {
                "type": "rich_text",
                "block_id": "WdnP5",
                "elements": [
                    {
                        "type": "rich_text_section",
                        "elements": [
                            {
                                "type": "text",
                                "text": "Great i have tasks on the front and in back so i will contact with both"
                            }
                        ]
                    }
                ]
            }
        ]
    },
    {
        "user": "U069UCY6WPL",
        "type": "message",
        "ts": "1721902210.283379",
        "client_msg_id": "d2c10541-4b1a-4251-9500-70920bd89a51",
        "text": "Nice that's really good. Keep us posted on any progress you make.",
        "team": "TJ5RZJT52",
        "user_team": "TJ5RZJT52",
        "source_team": "TJ5RZJT52",
        "user_profile": {
            "avatar_hash": "e070d03134d5",
            "image_72": "https:\/\/avatars.slack-edge.com\/2023-12-13\/6326270161175_e070d03134d567b313c8_72.jpg",
            "first_name": "Amos",
            "real_name": "Amos Mwangi",
            "display_name": "Amos Mwangi",
            "team": "TJ5RZJT52",
            "name": "emosmwangi",
            "is_restricted": false,
            "is_ultra_restricted": false
        },
        "thread_ts": "1721833095.395979",
        "parent_user_id": "U069UCY6WPL",
        "blocks": [
            {
                "type": "rich_text",
                "block_id": "n0BKp",
                "elements": [
                    {
                        "type": "rich_text_section",
                        "elements": [
                            {
                                "type": "text",
                                "text": "Nice that's really good. Keep us posted on any progress you make."
                            }
                        ]
                    }
                ]
            }
        ]
    },
    {
        "user": "U04JB4HPS6P",
        "type": "message",
        "ts": "1721903245.808619",
        "client_msg_id": "23cb4808-b87b-4a7a-b391-9c858b03e1f4",
        "text": "Hi <@U07A4GV2JPN> so so sorry i didn't see this message on time",
        "team": "TJ5RZJT52",
        "user_team": "TJ5RZJT52",
        "source_team": "TJ5RZJT52",
        "user_profile": {
            "avatar_hash": "4c5395129248",
            "image_72": "https:\/\/avatars.slack-edge.com\/2023-04-10\/5088199635636_4c5395129248f6965f74_72.jpg",
            "first_name": "Peter",
            "real_name": "Peter Benjamin Ani",
            "display_name": "Peter Benjamin Ani",
            "team": "TJ5RZJT52",
            "name": "benjaminparish6",
            "is_restricted": false,
            "is_ultra_restricted": false
        },
        "thread_ts": "1721433961.017649",
        "parent_user_id": "U07A4GV2JPN",
        "blocks": [
            {
                "type": "rich_text",
                "block_id": "idqgQ",
                "elements": [
                    {
                        "type": "rich_text_section",
                        "elements": [
                            {
                                "type": "text",
                                "text": "Hi "
                            },
                            {
                                "type": "user",
                                "user_id": "U07A4GV2JPN"
                            },
                            {
                                "type": "text",
                                "text": " so so sorry i didn't see this message on time"
                            }
                        ]
                    }
                ]
            }
        ]
    },
    {
        "user": "U04JB4HPS6P",
        "type": "message",
        "ts": "1721903251.933279",
        "client_msg_id": "258f3331-c5df-4dd6-96d8-15f554115eeb",
        "text": "can you send me your email please",
        "team": "TJ5RZJT52",
        "user_team": "TJ5RZJT52",
        "source_team": "TJ5RZJT52",
        "user_profile": {
            "avatar_hash": "4c5395129248",
            "image_72": "https:\/\/avatars.slack-edge.com\/2023-04-10\/5088199635636_4c5395129248f6965f74_72.jpg",
            "first_name": "Peter",
            "real_name": "Peter Benjamin Ani",
            "display_name": "Peter Benjamin Ani",
            "team": "TJ5RZJT52",
            "name": "benjaminparish6",
            "is_restricted": false,
            "is_ultra_restricted": false
        },
        "thread_ts": "1721433961.017649",
        "parent_user_id": "U07A4GV2JPN",
        "blocks": [
            {
                "type": "rich_text",
                "block_id": "9sByg",
                "elements": [
                    {
                        "type": "rich_text_section",
                        "elements": [
                            {
                                "type": "text",
                                "text": "can you send me your email please"
                            }
                        ]
                    }
                ]
            }
        ],
        "reactions": [
            {
                "name": "white_check_mark",
                "users": [
                    "U07A4GV2JPN"
                ],
                "count": 1
            }
        ]
    },
    {
        "user": "UHUUD9ERZ",
        "type": "message",
        "ts": "1721907974.045339",
        "text": "",
        "team": "TJ5RZJT52",
        "user_team": "TJ5RZJT52",
        "source_team": "TJ5RZJT52",
        "user_profile": {
            "avatar_hash": "g74a16cb2b98",
            "image_72": "https:\/\/secure.gravatar.com\/avatar\/974a16cb2b98d51626c90922d272447e.jpg?s=72&d=https%3A%2F%2Fa.slack-edge.com%2Fdf10d%2Fimg%2Favatars%2Fava_0015-72.png",
            "first_name": "Golda",
            "real_name": "Golda Velez",
            "display_name": "",
            "team": "TJ5RZJT52",
            "name": "gvelez17",
            "is_restricted": false,
            "is_ultra_restricted": false
        },
        "attachments": [
            {
                "ts": "1721907964.634269",
                "author_id": "UHUUD9ERZ",
                "channel_id": "C03K3MJPATG",
                "channel_team": "TJ5RZJT52",
                "is_msg_unfurl": true,
                "message_blocks": [
                    {
                        "team": "TJ5RZJT52",
                        "channel": "C03K3MJPATG",
                        "ts": "1721907964.634269",
                        "message": {
                            "blocks": [
                                {
                                    "type": "rich_text",
                                    "block_id": "nkmnu",
                                    "elements": [
                                        {
                                            "type": "rich_text_section",
                                            "elements": [
                                                {
                                                    "type": "text",
                                                    "text": "also note if we want to attend the Ceramic discord stage later today (8am PT) its at\n"
                                                },
                                                {
                                                    "type": "link",
                                                    "url": "https:\/\/discord.gg\/CtavxFarvz"
                                                },
                                                {
                                                    "type": "text",
                                                    "text": " "
                                                },
                                                {
                                                    "type": "user",
                                                    "user_id": "U053Y4130SH"
                                                },
                                                {
                                                    "type": "text",
                                                    "text": ", "
                                                },
                                                {
                                                    "type": "user",
                                                    "user_id": "U04K1CLH77S"
                                                },
                                                {
                                                    "type": "text",
                                                    "text": " if you want to attend and ask some questions about using ceramic network to publish shared models, ask how others can find our reputation model that we publish, its this one "
                                                },
                                                {
                                                    "type": "link",
                                                    "url": "https:\/\/github.com\/Whats-Cookin\/trust_claim\/blob\/dev\/src\/composedb\/schemas\/trustclaims.graphql"
                                                },
                                                {
                                                    "type": "text",
                                                    "text": "\n"
                                                },
                                                {
                                                    "type": "text",
                                                    "text": "kjzl6hvfrbw6c7f8zr4bdyzfumj7hv7r9i7dbu57isrzezqjuetkum2885p9agc",
                                                    "style": {
                                                        "code": true
                                                    }
                                                },
                                                {
                                                    "type": "text",
                                                    "text": "\n"
                                                },
                                                {
                                                    "type": "link",
                                                    "url": "https:\/\/github.com\/Whats-Cookin\/trust_claim\/blob\/dev\/src\/composedb\/__generated__\/trustclaims.js"
                                                },
                                                {
                                                    "type": "text",
                                                    "text": "\n\nor anyone from LinkedTrust team.  You don't have to stay the whole time, but would be good for relationship building, usually the attendance is pretty small!"
                                                }
                                            ]
                                        }
                                    ]
                                }
                            ]
                        }
                    }
                ],
                "color": "D0D0D0",
                "from_url": "https:\/\/whatscookinworkspace.slack.com\/archives\/C03K3MJPATG\/p1721907964634269",
                "is_share": true,
                "fallback": "[July 25th, 2024 4:46 AM] gvelez17: also note if we want to attend the Ceramic discord stage later today (8am PT) its at\n<https:\/\/discord.gg\/CtavxFarvz> <@U053Y4130SH>, <@U04K1CLH77S> if you want to attend and ask some questions about using ceramic network to publish shared models, ask how others can find our reputation model that we publish, its this one <https:\/\/github.com\/Whats-Cookin\/trust_claim\/blob\/dev\/src\/composedb\/schemas\/trustclaims.graphql>\n`kjzl6hvfrbw6c7f8zr4bdyzfumj7hv7r9i7dbu57isrzezqjuetkum2885p9agc`\n<https:\/\/github.com\/Whats-Cookin\/trust_claim\/blob\/dev\/src\/composedb\/__generated__\/trustclaims.js>\n\nor anyone from LinkedTrust team.  You don't have to stay the whole time, but would be good for relationship building, usually the attendance is pretty small!",
                "text": "also note if we want to attend the Ceramic discord stage later today (8am PT) its at\n<https:\/\/discord.gg\/CtavxFarvz> <@U053Y4130SH>, <@U04K1CLH77S> if you want to attend and ask some questions about using ceramic network to publish shared models, ask how others can find our reputation model that we publish, its this one <https:\/\/github.com\/Whats-Cookin\/trust_claim\/blob\/dev\/src\/composedb\/schemas\/trustclaims.graphql>\n`kjzl6hvfrbw6c7f8zr4bdyzfumj7hv7r9i7dbu57isrzezqjuetkum2885p9agc`\n<https:\/\/github.com\/Whats-Cookin\/trust_claim\/blob\/dev\/src\/composedb\/__generated__\/trustclaims.js>\n\nor anyone from LinkedTrust team.  You don't have to stay the whole time, but would be good for relationship building, usually the attendance is pretty small!",
                "author_name": "Golda Velez",
                "author_link": "https:\/\/whatscookinworkspace.slack.com\/team\/UHUUD9ERZ",
                "author_icon": "https:\/\/secure.gravatar.com\/avatar\/974a16cb2b98d51626c90922d272447e.jpg?s=48&d=https%3A%2F%2Fa.slack-edge.com%2Fdf10d%2Fimg%2Favatars%2Fava_0015-48.png",
                "author_subname": "Golda Velez",
                "mrkdwn_in": [
                    "text"
                ],
                "footer": "Slack Conversation"
            }
        ],
        "reactions": [
            {
                "name": "sparkles",
                "users": [
                    "U069UCY6WPL",
                    "U07DR4R0KLK"
                ],
                "count": 2
            },
            {
                "name": "dart",
                "users": [
                    "U053Y4130SH"
                ],
                "count": 1
            }
        ]
    },
    {
        "user": "UHUUD9ERZ",
        "type": "message",
        "ts": "1721908674.940299",
        "client_msg_id": "1f4860d5-9597-4999-8341-2a13cfdff570",
        "text": "love it!  sorry i am always criticizing really i very very much appreciate your work!!",
        "team": "TJ5RZJT52",
        "user_team": "TJ5RZJT52",
        "source_team": "TJ5RZJT52",
        "user_profile": {
            "avatar_hash": "g74a16cb2b98",
            "image_72": "https:\/\/secure.gravatar.com\/avatar\/974a16cb2b98d51626c90922d272447e.jpg?s=72&d=https%3A%2F%2Fa.slack-edge.com%2Fdf10d%2Fimg%2Favatars%2Fava_0015-72.png",
            "first_name": "Golda",
            "real_name": "Golda Velez",
            "display_name": "",
            "team": "TJ5RZJT52",
            "name": "gvelez17",
            "is_restricted": false,
            "is_ultra_restricted": false
        },
        "thread_ts": "1721762883.266369",
        "parent_user_id": "UHUUD9ERZ",
        "blocks": [
            {
                "type": "rich_text",
                "block_id": "YdCIe",
                "elements": [
                    {
                        "type": "rich_text_section",
                        "elements": [
                            {
                                "type": "text",
                                "text": "love it!  sorry i am always criticizing really i very very much appreciate your work!!"
                            }
                        ]
                    }
                ]
            }
        ]
    },
    {
        "user": "U069UCY6WPL",
        "type": "message",
        "ts": "1721910055.172919",
        "client_msg_id": "ea8d0b57-3767-4bc9-ace7-800574dfcafe",
        "text": "Constructive criticism is a path to improvement, and I value your guidance along the way. Thank you for your support!",
        "team": "TJ5RZJT52",
        "user_team": "TJ5RZJT52",
        "source_team": "TJ5RZJT52",
        "user_profile": {
            "avatar_hash": "e070d03134d5",
            "image_72": "https:\/\/avatars.slack-edge.com\/2023-12-13\/6326270161175_e070d03134d567b313c8_72.jpg",
            "first_name": "Amos",
            "real_name": "Amos Mwangi",
            "display_name": "Amos Mwangi",
            "team": "TJ5RZJT52",
            "name": "emosmwangi",
            "is_restricted": false,
            "is_ultra_restricted": false
        },
        "thread_ts": "1721762883.266369",
        "parent_user_id": "UHUUD9ERZ",
        "blocks": [
            {
                "type": "rich_text",
                "block_id": "hl6f5",
                "elements": [
                    {
                        "type": "rich_text_section",
                        "elements": [
                            {
                                "type": "text",
                                "text": "Constructive criticism is a path to improvement, and I value your guidance along the way. Thank you for your support!"
                            }
                        ]
                    }
                ]
            }
        ],
        "reactions": [
            {
                "name": "heart",
                "users": [
                    "UHUUD9ERZ"
                ],
                "count": 1
            }
        ]
    },
    {
        "text": "Hello team, hope you're all well. Here the page for create claim.",
        "files": [
            {
                "id": "F07E2GWPCM8",
                "created": 1721922533,
                "timestamp": 1721922533,
                "name": "Feed of Claims Default (6).jpg",
                "title": "Feed of Claims Default (6).jpg",
                "mimetype": "image\/jpeg",
                "filetype": "jpg",
                "pretty_type": "JPEG",
                "user": "U069UCY6WPL",
                "user_team": "TJ5RZJT52",
                "editable": false,
                "size": 262606,
                "mode": "hosted",
                "is_external": false,
                "external_type": "",
                "is_public": true,
                "public_url_shared": false,
                "display_as_bot": false,
                "username": "",
                "url_private": "https:\/\/files.slack.com\/files-pri\/TJ5RZJT52-F07E2GWPCM8\/feed_of_claims_default__6_.jpg?t=xoxe-617883639172-7478875690773-7481774584498-d563a14196f2b659c195186b8ee3409c",
                "url_private_download": "https:\/\/files.slack.com\/files-pri\/TJ5RZJT52-F07E2GWPCM8\/download\/feed_of_claims_default__6_.jpg?t=xoxe-617883639172-7478875690773-7481774584498-d563a14196f2b659c195186b8ee3409c",
                "media_display_type": "unknown",
                "thumb_64": "https:\/\/files.slack.com\/files-tmb\/TJ5RZJT52-F07E2GWPCM8-85bea7c51a\/feed_of_claims_default__6__64.jpg?t=xoxe-617883639172-7478875690773-7481774584498-d563a14196f2b659c195186b8ee3409c",
                "thumb_80": "https:\/\/files.slack.com\/files-tmb\/TJ5RZJT52-F07E2GWPCM8-85bea7c51a\/feed_of_claims_default__6__80.jpg?t=xoxe-617883639172-7478875690773-7481774584498-d563a14196f2b659c195186b8ee3409c",
                "thumb_360": "https:\/\/files.slack.com\/files-tmb\/TJ5RZJT52-F07E2GWPCM8-85bea7c51a\/feed_of_claims_default__6__360.jpg?t=xoxe-617883639172-7478875690773-7481774584498-d563a14196f2b659c195186b8ee3409c",
                "thumb_360_w": 360,
                "thumb_360_h": 292,
                "thumb_480": "https:\/\/files.slack.com\/files-tmb\/TJ5RZJT52-F07E2GWPCM8-85bea7c51a\/feed_of_claims_default__6__480.jpg?t=xoxe-617883639172-7478875690773-7481774584498-d563a14196f2b659c195186b8ee3409c",
                "thumb_480_w": 480,
                "thumb_480_h": 389,
                "thumb_160": "https:\/\/files.slack.com\/files-tmb\/TJ5RZJT52-F07E2GWPCM8-85bea7c51a\/feed_of_claims_default__6__160.jpg?t=xoxe-617883639172-7478875690773-7481774584498-d563a14196f2b659c195186b8ee3409c",
                "thumb_720": "https:\/\/files.slack.com\/files-tmb\/TJ5RZJT52-F07E2GWPCM8-85bea7c51a\/feed_of_claims_default__6__720.jpg?t=xoxe-617883639172-7478875690773-7481774584498-d563a14196f2b659c195186b8ee3409c",
                "thumb_720_w": 720,
                "thumb_720_h": 583,
                "thumb_800": "https:\/\/files.slack.com\/files-tmb\/TJ5RZJT52-F07E2GWPCM8-85bea7c51a\/feed_of_claims_default__6__800.jpg?t=xoxe-617883639172-7478875690773-7481774584498-d563a14196f2b659c195186b8ee3409c",
                "thumb_800_w": 800,
                "thumb_800_h": 648,
                "thumb_960": "https:\/\/files.slack.com\/files-tmb\/TJ5RZJT52-F07E2GWPCM8-85bea7c51a\/feed_of_claims_default__6__960.jpg?t=xoxe-617883639172-7478875690773-7481774584498-d563a14196f2b659c195186b8ee3409c",
                "thumb_960_w": 960,
                "thumb_960_h": 777,
                "thumb_1024": "https:\/\/files.slack.com\/files-tmb\/TJ5RZJT52-F07E2GWPCM8-85bea7c51a\/feed_of_claims_default__6__1024.jpg?t=xoxe-617883639172-7478875690773-7481774584498-d563a14196f2b659c195186b8ee3409c",
                "thumb_1024_w": 1024,
                "thumb_1024_h": 829,
                "original_w": 1440,
                "original_h": 1166,
                "thumb_tiny": "AwAmADCjjjP9KAue4FL2oUE0yRNvvScU4gjrTex4oGFFFFADqWNtuetNp6RlgTnHNAm7CMVI+UYNNHQ1L5J\/vCoscke9AJp7CUUUAdPrQMdxT45AqkHPWmdqQd6CWron81fQ1GRGST81NooJStsPym3bg\/XAzSARg5+am0UDsf\/Z",
                "permalink": "https:\/\/whatscookinworkspace.slack.com\/files\/U069UCY6WPL\/F07E2GWPCM8\/feed_of_claims_default__6_.jpg",
                "permalink_public": "https:\/\/slack-files.com\/TJ5RZJT52-F07E2GWPCM8-90f02158ae",
                "is_starred": false,
                "has_rich_preview": false,
                "file_access": "visible"
            }
        ],
        "upload": false,
        "user": "U069UCY6WPL",
        "display_as_bot": false,
        "blocks": [
            {
                "type": "rich_text",
                "block_id": "ZS\/5w",
                "elements": [
                    {
                        "type": "rich_text_section",
                        "elements": [
                            {
                                "type": "text",
                                "text": "Hello team, hope you're all well. Here the page for create claim."
                            }
                        ]
                    }
                ]
            }
        ],
        "type": "message",
        "ts": "1721922539.346519",
        "client_msg_id": "25d67437-7d45-4d0d-a2d8-8032a08eae0f",
        "reactions": [
            {
                "name": "dizzy",
                "users": [
                    "U07A4GV2JPN"
                ],
                "count": 1
            }
        ]
    },
    {
        "user": "U069UCY6WPL",
        "type": "message",
        "ts": "1721923044.257039",
        "edited": {
            "user": "U069UCY6WPL",
            "ts": "1721923100.000000"
        },
        "client_msg_id": "6167ca17-ebe5-4a33-915c-a9b6b1d728fc",
        "text": "Kindly feel free to share your thoughts, if there's any adjustments to be made. Thank you!",
        "team": "TJ5RZJT52",
        "user_team": "TJ5RZJT52",
        "source_team": "TJ5RZJT52",
        "user_profile": {
            "avatar_hash": "e070d03134d5",
            "image_72": "https:\/\/avatars.slack-edge.com\/2023-12-13\/6326270161175_e070d03134d567b313c8_72.jpg",
            "first_name": "Amos",
            "real_name": "Amos Mwangi",
            "display_name": "Amos Mwangi",
            "team": "TJ5RZJT52",
            "name": "emosmwangi",
            "is_restricted": false,
            "is_ultra_restricted": false
        },
        "blocks": [
            {
                "type": "rich_text",
                "block_id": "Y9uhB",
                "elements": [
                    {
                        "type": "rich_text_section",
                        "elements": [
                            {
                                "type": "text",
                                "text": "Kindly feel free to share your thoughts, if there's any adjustments to be made. Thank you!"
                            }
                        ]
                    }
                ]
            }
        ]
    },
    {
        "text": "I created a design for validation page and added the image option on it",
        "files": [
            {
                "id": "F07E02NJLTF",
                "created": 1721926466,
                "timestamp": 1721926466,
                "name": "IMG-20240725-WA0015.jpg",
                "title": "IMG-20240725-WA0015.jpg",
                "mimetype": "image\/jpeg",
                "filetype": "jpg",
                "pretty_type": "JPEG",
                "user": "U068XMFG6UF",
                "user_team": "TJ5RZJT52",
                "editable": false,
                "size": 65972,
                "mode": "hosted",
                "is_external": false,
                "external_type": "",
                "is_public": true,
                "public_url_shared": false,
                "display_as_bot": false,
                "username": "",
                "url_private": "https:\/\/files.slack.com\/files-pri\/TJ5RZJT52-F07E02NJLTF\/img-20240725-wa0015.jpg?t=xoxe-617883639172-7478875690773-7481774584498-d563a14196f2b659c195186b8ee3409c",
                "url_private_download": "https:\/\/files.slack.com\/files-pri\/TJ5RZJT52-F07E02NJLTF\/download\/img-20240725-wa0015.jpg?t=xoxe-617883639172-7478875690773-7481774584498-d563a14196f2b659c195186b8ee3409c",
                "media_display_type": "unknown",
                "thumb_64": "https:\/\/files.slack.com\/files-tmb\/TJ5RZJT52-F07E02NJLTF-bd16bac154\/img-20240725-wa0015_64.jpg?t=xoxe-617883639172-7478875690773-7481774584498-d563a14196f2b659c195186b8ee3409c",
                "thumb_80": "https:\/\/files.slack.com\/files-tmb\/TJ5RZJT52-F07E02NJLTF-bd16bac154\/img-20240725-wa0015_80.jpg?t=xoxe-617883639172-7478875690773-7481774584498-d563a14196f2b659c195186b8ee3409c",
                "thumb_360": "https:\/\/files.slack.com\/files-tmb\/TJ5RZJT52-F07E02NJLTF-bd16bac154\/img-20240725-wa0015_360.jpg?t=xoxe-617883639172-7478875690773-7481774584498-d563a14196f2b659c195186b8ee3409c",
                "thumb_360_w": 360,
                "thumb_360_h": 309,
                "thumb_480": "https:\/\/files.slack.com\/files-tmb\/TJ5RZJT52-F07E02NJLTF-bd16bac154\/img-20240725-wa0015_480.jpg?t=xoxe-617883639172-7478875690773-7481774584498-d563a14196f2b659c195186b8ee3409c",
                "thumb_480_w": 480,
                "thumb_480_h": 412,
                "thumb_160": "https:\/\/files.slack.com\/files-tmb\/TJ5RZJT52-F07E02NJLTF-bd16bac154\/img-20240725-wa0015_160.jpg?t=xoxe-617883639172-7478875690773-7481774584498-d563a14196f2b659c195186b8ee3409c",
                "thumb_720": "https:\/\/files.slack.com\/files-tmb\/TJ5RZJT52-F07E02NJLTF-bd16bac154\/img-20240725-wa0015_720.jpg?t=xoxe-617883639172-7478875690773-7481774584498-d563a14196f2b659c195186b8ee3409c",
                "thumb_720_w": 720,
                "thumb_720_h": 618,
                "thumb_800": "https:\/\/files.slack.com\/files-tmb\/TJ5RZJT52-F07E02NJLTF-bd16bac154\/img-20240725-wa0015_800.jpg?t=xoxe-617883639172-7478875690773-7481774584498-d563a14196f2b659c195186b8ee3409c",
                "thumb_800_w": 800,
                "thumb_800_h": 686,
                "thumb_960": "https:\/\/files.slack.com\/files-tmb\/TJ5RZJT52-F07E02NJLTF-bd16bac154\/img-20240725-wa0015_960.jpg?t=xoxe-617883639172-7478875690773-7481774584498-d563a14196f2b659c195186b8ee3409c",
                "thumb_960_w": 960,
                "thumb_960_h": 823,
                "thumb_1024": "https:\/\/files.slack.com\/files-tmb\/TJ5RZJT52-F07E02NJLTF-bd16bac154\/img-20240725-wa0015_1024.jpg?t=xoxe-617883639172-7478875690773-7481774584498-d563a14196f2b659c195186b8ee3409c",
                "thumb_1024_w": 1024,
                "thumb_1024_h": 878,
                "original_w": 1440,
                "original_h": 1235,
                "thumb_tiny": "AwApADCjjkf4Uuz3\/SjuKlPSmSQ7frQEz3x+FTDOOaQfeakMj2D+9+lIVqU9e1Nbp2\/CmIZ3FSkkVF3FSj5s0AJuNCnk5pdo96Z0JoAk49qa2Npxik680h6UgG9xTg2KjopjJNxPHFKVwM7lP0NRUUCsPzRmmUUDP\/\/Z",
                "permalink": "https:\/\/whatscookinworkspace.slack.com\/files\/U068XMFG6UF\/F07E02NJLTF\/img-20240725-wa0015.jpg",
                "permalink_public": "https:\/\/slack-files.com\/TJ5RZJT52-F07E02NJLTF-f339c495c8",
                "is_starred": false,
                "has_rich_preview": false,
                "file_access": "visible"
            },
            {
                "id": "F07DWAKM7BQ",
                "created": 1721926467,
                "timestamp": 1721926467,
                "name": "IMG-20240725-WA0016.jpg",
                "title": "IMG-20240725-WA0016.jpg",
                "mimetype": "image\/jpeg",
                "filetype": "jpg",
                "pretty_type": "JPEG",
                "user": "U068XMFG6UF",
                "user_team": "TJ5RZJT52",
                "editable": false,
                "size": 72352,
                "mode": "hosted",
                "is_external": false,
                "external_type": "",
                "is_public": true,
                "public_url_shared": false,
                "display_as_bot": false,
                "username": "",
                "url_private": "https:\/\/files.slack.com\/files-pri\/TJ5RZJT52-F07DWAKM7BQ\/img-20240725-wa0016.jpg?t=xoxe-617883639172-7478875690773-7481774584498-d563a14196f2b659c195186b8ee3409c",
                "url_private_download": "https:\/\/files.slack.com\/files-pri\/TJ5RZJT52-F07DWAKM7BQ\/download\/img-20240725-wa0016.jpg?t=xoxe-617883639172-7478875690773-7481774584498-d563a14196f2b659c195186b8ee3409c",
                "media_display_type": "unknown",
                "thumb_64": "https:\/\/files.slack.com\/files-tmb\/TJ5RZJT52-F07DWAKM7BQ-33e7bfeefc\/img-20240725-wa0016_64.jpg?t=xoxe-617883639172-7478875690773-7481774584498-d563a14196f2b659c195186b8ee3409c",
                "thumb_80": "https:\/\/files.slack.com\/files-tmb\/TJ5RZJT52-F07DWAKM7BQ-33e7bfeefc\/img-20240725-wa0016_80.jpg?t=xoxe-617883639172-7478875690773-7481774584498-d563a14196f2b659c195186b8ee3409c",
                "thumb_360": "https:\/\/files.slack.com\/files-tmb\/TJ5RZJT52-F07DWAKM7BQ-33e7bfeefc\/img-20240725-wa0016_360.jpg?t=xoxe-617883639172-7478875690773-7481774584498-d563a14196f2b659c195186b8ee3409c",
                "thumb_360_w": 360,
                "thumb_360_h": 309,
                "thumb_480": "https:\/\/files.slack.com\/files-tmb\/TJ5RZJT52-F07DWAKM7BQ-33e7bfeefc\/img-20240725-wa0016_480.jpg?t=xoxe-617883639172-7478875690773-7481774584498-d563a14196f2b659c195186b8ee3409c",
                "thumb_480_w": 480,
                "thumb_480_h": 412,
                "thumb_160": "https:\/\/files.slack.com\/files-tmb\/TJ5RZJT52-F07DWAKM7BQ-33e7bfeefc\/img-20240725-wa0016_160.jpg?t=xoxe-617883639172-7478875690773-7481774584498-d563a14196f2b659c195186b8ee3409c",
                "thumb_720": "https:\/\/files.slack.com\/files-tmb\/TJ5RZJT52-F07DWAKM7BQ-33e7bfeefc\/img-20240725-wa0016_720.jpg?t=xoxe-617883639172-7478875690773-7481774584498-d563a14196f2b659c195186b8ee3409c",
                "thumb_720_w": 720,
                "thumb_720_h": 618,
                "thumb_800": "https:\/\/files.slack.com\/files-tmb\/TJ5RZJT52-F07DWAKM7BQ-33e7bfeefc\/img-20240725-wa0016_800.jpg?t=xoxe-617883639172-7478875690773-7481774584498-d563a14196f2b659c195186b8ee3409c",
                "thumb_800_w": 800,
                "thumb_800_h": 686,
                "thumb_960": "https:\/\/files.slack.com\/files-tmb\/TJ5RZJT52-F07DWAKM7BQ-33e7bfeefc\/img-20240725-wa0016_960.jpg?t=xoxe-617883639172-7478875690773-7481774584498-d563a14196f2b659c195186b8ee3409c",
                "thumb_960_w": 960,
                "thumb_960_h": 823,
                "thumb_1024": "https:\/\/files.slack.com\/files-tmb\/TJ5RZJT52-F07DWAKM7BQ-33e7bfeefc\/img-20240725-wa0016_1024.jpg?t=xoxe-617883639172-7478875690773-7481774584498-d563a14196f2b659c195186b8ee3409c",
                "thumb_1024_w": 1024,
                "thumb_1024_h": 878,
                "original_w": 1440,
                "original_h": 1235,
                "thumb_tiny": "AwApADC\/ng9fzoDN\/dNKvekYkKSBkgcD1oEOyfSkLEfw5psZZly67T6U78qAE3N\/cNLk45GKUdP8KD+NACClXBpBQRtx3oAdikI5pN59qcME0DE5oOcU7pSN0NADR0oJz1FOooEMztBIBpqzEtjy3GfUVLRQAm4+lIWyOlOooA\/\/2Q==",
                "permalink": "https:\/\/whatscookinworkspace.slack.com\/files\/U068XMFG6UF\/F07DWAKM7BQ\/img-20240725-wa0016.jpg",
                "permalink_public": "https:\/\/slack-files.com\/TJ5RZJT52-F07DWAKM7BQ-20da2da2d4",
                "is_starred": false,
                "has_rich_preview": false,
                "file_access": "visible"
            },
            {
                "id": "F07ERNZ8064",
                "created": 1721926468,
                "timestamp": 1721926468,
                "name": "IMG-20240725-WA0034.jpg",
                "title": "IMG-20240725-WA0034.jpg",
                "mimetype": "image\/jpeg",
                "filetype": "jpg",
                "pretty_type": "JPEG",
                "user": "U068XMFG6UF",
                "user_team": "TJ5RZJT52",
                "editable": false,
                "size": 21229,
                "mode": "hosted",
                "is_external": false,
                "external_type": "",
                "is_public": true,
                "public_url_shared": false,
                "display_as_bot": false,
                "username": "",
                "url_private": "https:\/\/files.slack.com\/files-pri\/TJ5RZJT52-F07ERNZ8064\/img-20240725-wa0034.jpg?t=xoxe-617883639172-7478875690773-7481774584498-d563a14196f2b659c195186b8ee3409c",
                "url_private_download": "https:\/\/files.slack.com\/files-pri\/TJ5RZJT52-F07ERNZ8064\/download\/img-20240725-wa0034.jpg?t=xoxe-617883639172-7478875690773-7481774584498-d563a14196f2b659c195186b8ee3409c",
                "media_display_type": "unknown",
                "thumb_64": "https:\/\/files.slack.com\/files-tmb\/TJ5RZJT52-F07ERNZ8064-1a8f028b02\/img-20240725-wa0034_64.jpg?t=xoxe-617883639172-7478875690773-7481774584498-d563a14196f2b659c195186b8ee3409c",
                "thumb_80": "https:\/\/files.slack.com\/files-tmb\/TJ5RZJT52-F07ERNZ8064-1a8f028b02\/img-20240725-wa0034_80.jpg?t=xoxe-617883639172-7478875690773-7481774584498-d563a14196f2b659c195186b8ee3409c",
                "thumb_360": "https:\/\/files.slack.com\/files-tmb\/TJ5RZJT52-F07ERNZ8064-1a8f028b02\/img-20240725-wa0034_360.jpg?t=xoxe-617883639172-7478875690773-7481774584498-d563a14196f2b659c195186b8ee3409c",
                "thumb_360_w": 166,
                "thumb_360_h": 360,
                "thumb_480": "https:\/\/files.slack.com\/files-tmb\/TJ5RZJT52-F07ERNZ8064-1a8f028b02\/img-20240725-wa0034_480.jpg?t=xoxe-617883639172-7478875690773-7481774584498-d563a14196f2b659c195186b8ee3409c",
                "thumb_480_w": 222,
                "thumb_480_h": 480,
                "thumb_160": "https:\/\/files.slack.com\/files-tmb\/TJ5RZJT52-F07ERNZ8064-1a8f028b02\/img-20240725-wa0034_160.jpg?t=xoxe-617883639172-7478875690773-7481774584498-d563a14196f2b659c195186b8ee3409c",
                "thumb_720": "https:\/\/files.slack.com\/files-tmb\/TJ5RZJT52-F07ERNZ8064-1a8f028b02\/img-20240725-wa0034_720.jpg?t=xoxe-617883639172-7478875690773-7481774584498-d563a14196f2b659c195186b8ee3409c",
                "thumb_720_w": 333,
                "thumb_720_h": 720,
                "thumb_800": "https:\/\/files.slack.com\/files-tmb\/TJ5RZJT52-F07ERNZ8064-1a8f028b02\/img-20240725-wa0034_800.jpg?t=xoxe-617883639172-7478875690773-7481774584498-d563a14196f2b659c195186b8ee3409c",
                "thumb_800_w": 370,
                "thumb_800_h": 800,
                "original_w": 390,
                "original_h": 844,
                "thumb_tiny": "AwAwABajtJAxjH1oK1Kn3BSg5OKBEHbBpKll6CoqYEqthRxS+YPQ00cqBRtNIBJG3AUynMCOtNpiJFBAzn9KUn\/aH5UBtoA9qNx9qAGNn1ptPbLDtTcUDP\/Z",
                "permalink": "https:\/\/whatscookinworkspace.slack.com\/files\/U068XMFG6UF\/F07ERNZ8064\/img-20240725-wa0034.jpg",
                "permalink_public": "https:\/\/slack-files.com\/TJ5RZJT52-F07ERNZ8064-e10980e87e",
                "is_starred": false,
                "has_rich_preview": false,
                "file_access": "visible"
            },
            {
                "id": "F07DWAKSWP8",
                "created": 1721926469,
                "timestamp": 1721926469,
                "name": "IMG-20240725-WA0033.jpg",
                "title": "IMG-20240725-WA0033.jpg",
                "mimetype": "image\/jpeg",
                "filetype": "jpg",
                "pretty_type": "JPEG",
                "user": "U068XMFG6UF",
                "user_team": "TJ5RZJT52",
                "editable": false,
                "size": 22769,
                "mode": "hosted",
                "is_external": false,
                "external_type": "",
                "is_public": true,
                "public_url_shared": false,
                "display_as_bot": false,
                "username": "",
                "url_private": "https:\/\/files.slack.com\/files-pri\/TJ5RZJT52-F07DWAKSWP8\/img-20240725-wa0033.jpg?t=xoxe-617883639172-7478875690773-7481774584498-d563a14196f2b659c195186b8ee3409c",
                "url_private_download": "https:\/\/files.slack.com\/files-pri\/TJ5RZJT52-F07DWAKSWP8\/download\/img-20240725-wa0033.jpg?t=xoxe-617883639172-7478875690773-7481774584498-d563a14196f2b659c195186b8ee3409c",
                "media_display_type": "unknown",
                "thumb_64": "https:\/\/files.slack.com\/files-tmb\/TJ5RZJT52-F07DWAKSWP8-048693a3e6\/img-20240725-wa0033_64.jpg?t=xoxe-617883639172-7478875690773-7481774584498-d563a14196f2b659c195186b8ee3409c",
                "thumb_80": "https:\/\/files.slack.com\/files-tmb\/TJ5RZJT52-F07DWAKSWP8-048693a3e6\/img-20240725-wa0033_80.jpg?t=xoxe-617883639172-7478875690773-7481774584498-d563a14196f2b659c195186b8ee3409c",
                "thumb_360": "https:\/\/files.slack.com\/files-tmb\/TJ5RZJT52-F07DWAKSWP8-048693a3e6\/img-20240725-wa0033_360.jpg?t=xoxe-617883639172-7478875690773-7481774584498-d563a14196f2b659c195186b8ee3409c",
                "thumb_360_w": 166,
                "thumb_360_h": 360,
                "thumb_480": "https:\/\/files.slack.com\/files-tmb\/TJ5RZJT52-F07DWAKSWP8-048693a3e6\/img-20240725-wa0033_480.jpg?t=xoxe-617883639172-7478875690773-7481774584498-d563a14196f2b659c195186b8ee3409c",
                "thumb_480_w": 222,
                "thumb_480_h": 480,
                "thumb_160": "https:\/\/files.slack.com\/files-tmb\/TJ5RZJT52-F07DWAKSWP8-048693a3e6\/img-20240725-wa0033_160.jpg?t=xoxe-617883639172-7478875690773-7481774584498-d563a14196f2b659c195186b8ee3409c",
                "thumb_720": "https:\/\/files.slack.com\/files-tmb\/TJ5RZJT52-F07DWAKSWP8-048693a3e6\/img-20240725-wa0033_720.jpg?t=xoxe-617883639172-7478875690773-7481774584498-d563a14196f2b659c195186b8ee3409c",
                "thumb_720_w": 333,
                "thumb_720_h": 720,
                "thumb_800": "https:\/\/files.slack.com\/files-tmb\/TJ5RZJT52-F07DWAKSWP8-048693a3e6\/img-20240725-wa0033_800.jpg?t=xoxe-617883639172-7478875690773-7481774584498-d563a14196f2b659c195186b8ee3409c",
                "thumb_800_w": 370,
                "thumb_800_h": 800,
                "original_w": 390,
                "original_h": 844,
                "thumb_tiny": "AwAwABbQ3AZz1+hpRn2\/Kg9ajSUPIyAHjvQIkxzmlpBS0DE6mjBpDwc0u8etAC4xRRkHpRQA1jzjBpAD\/dP4ml3Zo3D0NAh2MUU3cM9DS7qAP\/\/Z",
                "permalink": "https:\/\/whatscookinworkspace.slack.com\/files\/U068XMFG6UF\/F07DWAKSWP8\/img-20240725-wa0033.jpg",
                "permalink_public": "https:\/\/slack-files.com\/TJ5RZJT52-F07DWAKSWP8-1750abc835",
                "is_starred": false,
                "has_rich_preview": false,
                "file_access": "visible"
            }
        ],
        "upload": false,
        "user": "U068XMFG6UF",
        "blocks": [
            {
                "type": "rich_text",
                "block_id": "zZF\/s",
                "elements": [
                    {
                        "type": "rich_text_section",
                        "elements": [
                            {
                                "type": "text",
                                "text": "I created a design for validation page and added the image option on it"
                            }
                        ]
                    }
                ]
            }
        ],
        "type": "message",
        "ts": "1721926550.731259",
        "client_msg_id": "5bbe4d92-b197-4583-b3fc-ef81221154a9",
        "reactions": [
            {
                "name": "party_parrot",
                "users": [
                    "U069UCY6WPL",
                    "U06CLBBMD40"
                ],
                "count": 2
            },
            {
                "name": "dizzy",
                "users": [
                    "U07A4GV2JPN"
                ],
                "count": 1
            }
        ]
    },
    {
        "text": "Here is a summary of the main points we discussed in the meeting.\n\n<https:\/\/docs.google.com\/document\/d\/1dQDTSh2uaESdleNDzfQhvI9c_xF4T9zvdTDQbmD_1NI\/edit?usp=sharing>",
        "files": [
            {
                "id": "F07ET8J21FA",
                "created": 1721943642,
                "timestamp": 1721943642,
                "name": "Meeting Summary of 25th July",
                "title": "Meeting Summary of 25th July",
                "mimetype": "application\/vnd.google-apps.document",
                "filetype": "gdoc",
                "pretty_type": "Google Docs",
                "user": "U069UCY6WPL",
                "user_team": "TJ5RZJT52",
                "editable": false,
                "size": 32636,
                "mode": "external",
                "is_external": true,
                "external_type": "gdrive",
                "is_public": true,
                "public_url_shared": false,
                "display_as_bot": false,
                "username": "",
                "url_private": "https:\/\/docs.google.com\/document\/d\/1dQDTSh2uaESdleNDzfQhvI9c_xF4T9zvdTDQbmD_1NI\/edit?usp=sharing",
                "media_display_type": "unknown",
                "thumb_64": "https:\/\/files.slack.com\/files-tmb\/TJ5RZJT52-F07ET8J21FA-56aeaf44b8\/meeting_summary_of_25th_july_64.png?t=xoxe-617883639172-7478875690773-7481774584498-d563a14196f2b659c195186b8ee3409c",
                "thumb_80": "https:\/\/files.slack.com\/files-tmb\/TJ5RZJT52-F07ET8J21FA-56aeaf44b8\/meeting_summary_of_25th_july_80.png?t=xoxe-617883639172-7478875690773-7481774584498-d563a14196f2b659c195186b8ee3409c",
                "thumb_360": "https:\/\/files.slack.com\/files-tmb\/TJ5RZJT52-F07ET8J21FA-56aeaf44b8\/meeting_summary_of_25th_july_360.png?t=xoxe-617883639172-7478875690773-7481774584498-d563a14196f2b659c195186b8ee3409c",
                "thumb_360_w": 278,
                "thumb_360_h": 360,
                "thumb_480": "https:\/\/files.slack.com\/files-tmb\/TJ5RZJT52-F07ET8J21FA-56aeaf44b8\/meeting_summary_of_25th_july_480.png?t=xoxe-617883639172-7478875690773-7481774584498-d563a14196f2b659c195186b8ee3409c",
                "thumb_480_w": 371,
                "thumb_480_h": 480,
                "thumb_160": "https:\/\/files.slack.com\/files-tmb\/TJ5RZJT52-F07ET8J21FA-56aeaf44b8\/meeting_summary_of_25th_july_160.png?t=xoxe-617883639172-7478875690773-7481774584498-d563a14196f2b659c195186b8ee3409c",
                "thumb_720": "https:\/\/files.slack.com\/files-tmb\/TJ5RZJT52-F07ET8J21FA-56aeaf44b8\/meeting_summary_of_25th_july_720.png?t=xoxe-617883639172-7478875690773-7481774584498-d563a14196f2b659c195186b8ee3409c",
                "thumb_720_w": 557,
                "thumb_720_h": 720,
                "thumb_800": "https:\/\/files.slack.com\/files-tmb\/TJ5RZJT52-F07ET8J21FA-56aeaf44b8\/meeting_summary_of_25th_july_800.png?t=xoxe-617883639172-7478875690773-7481774584498-d563a14196f2b659c195186b8ee3409c",
                "thumb_800_w": 800,
                "thumb_800_h": 1035,
                "thumb_960": "https:\/\/files.slack.com\/files-tmb\/TJ5RZJT52-F07ET8J21FA-56aeaf44b8\/meeting_summary_of_25th_july_960.png?t=xoxe-617883639172-7478875690773-7481774584498-d563a14196f2b659c195186b8ee3409c",
                "thumb_960_w": 742,
                "thumb_960_h": 960,
                "thumb_1024": "https:\/\/files.slack.com\/files-tmb\/TJ5RZJT52-F07ET8J21FA-56aeaf44b8\/meeting_summary_of_25th_july_1024.png?t=xoxe-617883639172-7478875690773-7481774584498-d563a14196f2b659c195186b8ee3409c",
                "thumb_1024_w": 791,
                "thumb_1024_h": 1024,
                "original_w": 800,
                "original_h": 1035,
                "thumb_tiny": "AwAwACXSJxRmgjPWjaKAFzRmk2j0pcCgAooooAKKKKACiiigAooooAKKKKACiiigAooooA\/\/2Q==",
                "permalink": "https:\/\/whatscookinworkspace.slack.com\/files\/U069UCY6WPL\/F07ET8J21FA\/meeting_summary_of_25th_july",
                "is_starred": false,
                "external_id": "1dQDTSh2uaESdleNDzfQhvI9c_xF4T9zvdTDQbmD_1NI",
                "external_url": "https:\/\/docs.google.com\/document\/d\/1dQDTSh2uaESdleNDzfQhvI9c_xF4T9zvdTDQbmD_1NI\/edit?usp=sharing",
                "has_rich_preview": true,
                "file_access": "visible"
            }
        ],
        "upload": false,
        "user": "U069UCY6WPL",
        "display_as_bot": false,
        "x_files": [
            "F07ET8J21FA"
        ],
        "blocks": [
            {
                "type": "rich_text",
                "block_id": "fOTMh",
                "elements": [
                    {
                        "type": "rich_text_section",
                        "elements": [
                            {
                                "type": "text",
                                "text": "Here is a summary of the main points we discussed in the meeting.\n\n"
                            },
                            {
                                "type": "link",
                                "url": "https:\/\/docs.google.com\/document\/d\/1dQDTSh2uaESdleNDzfQhvI9c_xF4T9zvdTDQbmD_1NI\/edit?usp=sharing"
                            }
                        ]
                    }
                ]
            }
        ],
        "type": "message",
        "ts": "1721943687.328439",
        "client_msg_id": "6cee9f16-a9ef-469a-a5ff-fe5b5a22236e"
    }
]